factor,split,bucket,bucket_low,bucket_high,sample_count,return_close_1d_n,return_close_1d_mean,return_close_1d_median,return_close_3d_n,return_close_3d_mean,return_close_3d_median,return_close_5d_n,return_close_5d_mean,return_close_5d_median,return_close_10d_n,return_close_10d_mean,return_close_10d_median,mfe_high_5d_n,mfe_high_5d_mean,mfe_high_5d_median,mfe_high_10d_n,mfe_high_10d_mean,mfe_high_10d_median,mae_low_5d_n,mae_low_5d_mean,mae_low_5d_median,mae_low_10d_n,mae_low_10d_mean,mae_low_10d_median,abs_return_close_5d_mean,abs_return_close_10d_mean,p_mfe_5d_ge_5pct,p_mfe_10d_ge_5pct,p_mfe_5d_ge_10pct,p_mfe_10d_ge_10pct,p_exec_tp_5d,p_exec_sl_5d,p_exec_tp_10d,p_exec_sl_10d,median_executable_gross_return,median_return_slippage_0bps_per_side_no_fees,median_net_fees_slippage_0bps_per_side,p_net_positive_fees_slippage_0bps_per_side,median_return_slippage_5bps_per_side_no_fees,median_net_fees_slippage_5bps_per_side,p_net_positive_fees_slippage_5bps_per_side,median_return_slippage_10bps_per_side_no_fees,median_net_fees_slippage_10bps_per_side,p_net_positive_fees_slippage_10bps_per_side,median_return_slippage_20bps_per_side_no_fees,median_net_fees_slippage_20bps_per_side,p_net_positive_fees_slippage_20bps_per_side,elasticity_beta_raw_median,elasticity_atr_raw_median,elasticity_idio_raw_median,elasticity_burst_raw_median,elasticity_hit_raw_median,hit_5_rate_median,hit_10_rate_median
drawdown_20,train,1,-inf,-0.11320317321925143,258002,258002,0.00038343838641665095,0.0,258002,0.0025720417403286787,0.0011362022669180183,258002,0.004172796540243901,0.0029441058504295903,258001,0.006789693581505357,0.0044274067274985285,258002,0.06516089713023344,0.04512830195987294,258001,0.09492201564055475,0.06592592592592594,258002,-0.05821623316287561,-0.041333485575093254,258001,-0.08223876874883208,-0.05915016900048298,0.06121693089369959,0.08682604693139823,0.45845381043557804,0.6094394982965182,0.18777761412702226,0.32095224437114583,0.3564662289439617,0.11667351415880498,0.5041724644478122,0.2012782896190325,0.05011933174224348,0.05011933174224348,0.043252300047045014,0.6016502344127221,0.04906973720776864,0.04220960401932849,0.5990997305421865,0.048021191219282056,0.041167946855571264,0.5963311683254676,0.0459272386015559,0.03908774477848172,0.5910432534305251,1.3493915698507377,0.04999190947831101,0.4299336260441723,0.07306909330108405,0.33015873015873015,0.4126984126984127,0.1349206349206349
drawdown_20,train,2,-0.11320317321925143,-0.06432432432432433,258003,258003,0.0001013596474015721,0.0001798237727026475,258003,0.0006849620525855353,0.0006397270497922047,258003,0.0014635641458001561,0.0016068559185857811,258003,0.0036851034169260908,0.0032758199723283976,258003,0.04131325672084365,0.029190992493744794,258003,0.0609301412134928,0.0435060137457044,258003,-0.03970571999376972,-0.028408664079128676,258003,-0.0566624857858262,-0.04110617283950613,0.041059223711934115,0.05887905198324663,0.27725259008616177,0.4413708367732158,0.07336348802145712,0.16217640880144804,0.21120297050809486,0.04996065937217784,0.3683135467417046,0.11722731906218145,0.012425868398757478,0.012425868398757478,0.011025388454459325,0.5567680168822201,0.011413948490313075,0.010014869261457006,0.5518065372052788,0.01040303949086785,0.009005358404941032,0.5462903338427998,0.00838424816562866,0.006989308941639452,0.5357699797506459,1.0174332512797828,0.029929017436380784,0.2674427452635627,0.049936340575174765,0.18730158730158727,0.25396825396825395,0.03968253968253968
drawdown_20,train,3,-0.06432432432432433,-0.035046920144628464,258001,258000,0.00010511636106324182,0.000266453522780985,258000,0.0005553992868274416,0.0008285004142500885,258000,0.0009896699836375352,0.0013232618444593003,258000,0.002124305894969176,0.0022729855958998346,258000,0.03476008008524791,0.02415704877769087,258000,0.05132763565478223,0.035870856226644876,258000,-0.03379990070436647,-0.0234375,258000,-0.049210681214432436,-0.0350555605487764,0.0352425938489248,0.05147526189986353,0.21294961240310079,0.3643062015503876,0.050945736434108525,0.1224031007751938,0.16011627906976744,0.034868217054263566,0.3018720930232558,0.0903875968992248,0.007098724337557649,0.007098724337557649,0.005735557351198527,0.5368564001086408,0.006092128910933581,0.004730068255815576,0.5305009118069297,0.005086539074146024,0.0037258395723169316,0.5239320218833663,0.003078370148585474,0.0017191372720745473,0.5111356846312032,0.918898068637513,0.02475278121137206,0.2323093192654403,0.044668594321048916,0.1492063492063492,0.20634920634920634,0.023809523809523808
drawdown_20,train,4,-0.035046920144628464,-0.014122527157641358,258002,258002,8.023225573668018e-05,0.00021057068379870536,258002,0.0004427785348919625,0.0008137276288840978,258002,0.0005999716797962562,0.0011423941441823793,258002,0.0013076187325929474,0.0010355988616859158,258002,0.029978535448859357,0.020448768738406176,258002,0.044526403334966165,0.03047225229382511,258002,-0.029541942095366525,-0.01965551784290509,258002,-0.04330120245146621,-0.02987613007559814,0.030533542290726665,0.04518985352403644,0.16758397221726964,0.3066294059735971,0.03742994240354726,0.09341012860365423,0.12365408020092868,0.026681963705707707,0.25129650157750716,0.07118161874714149,0.0035264261561464005,0.0035264261561464005,0.002248932938849373,0.519329576852628,0.0025234012424472096,0.0012467456797800394,0.5108057449541498,0.0015213783516386803,0.0002459955902500309,0.5022255682281217,-0.0004796673614431146,-0.001752602131351065,0.4854726858553206,0.858811160378628,0.02178294573643411,0.2112703131856405,0.041580835463357335,0.12698412698412698,0.1746031746031746,0.01282051282051282
drawdown_20,train,5,-0.014122527157641358,inf,258002,258001,0.0001677343188680444,0.0,257999,0.00026882253226749315,0.0003638017280580552,257997,0.0005508363706296079,0.0007616146230007281,257992,0.0014404831818925126,0.0012040214359450019,257997,0.02357178064743445,0.014704336399474327,257992,0.03528658981606041,0.02214536926348809,257997,-0.023296977465196572,-0.01382055392780146,257992,-0.03433812125662601,-0.020502409536148236,0.0238067889639932,0.03598903717561662,0.1168579479606352,0.22808071568110638,0.025124323151044393,0.06447099134856894,0.08515215293201084,0.01787230084070745,0.1859592545505287,0.05045505286985643,0.00178496169879383,0.00178496169879383,0.000646947551882796,0.5134005657456162,0.0007836773792548879,-0.0003534974835261581,0.4902973462727918,-0.00021660665624861908,-0.0013528181498667332,0.47058161598367176,-0.0022141798648739885,-0.0033481266915038614,0.4444246118744495,0.7806423420466609,0.018057082381400344,0.17684215677243192,0.03562401130759296,0.08333333333333333,0.11904761904761904,0.0
drawdown_20,validation,1,-inf,-0.11320317321925143,86481,86481,0.001912157698118613,0.0007071302298173876,86481,0.00670239649362624,0.0035057898650801,86481,0.00980700318637218,0.0066498509516166315,86481,0.017874211372369,0.012654172673394193,86481,0.07446361598585655,0.04797904637180794,86481,0.11140110069365142,0.07189901207464344,86481,-0.05986218415626466,-0.039999999999999925,86481,-0.08346175633355617,-0.056306496578525045,0.06648345356493499,0.09625004580111728,0.4840369560944022,0.6356309478382535,0.22045304749020017,0.3641377874908939,0.3737237080977325,0.11795654536834681,0.5259189879858004,0.19154496363363052,0.050867052023121584,0.050867052023121584,0.0483427852136361,0.629837767833397,0.049816710142039256,0.04729498291927324,0.6271088447173367,0.04876741755354508,0.04624823042363922,0.6246574392062997,0.046671973971132985,0.04415785604271801,0.6187948798001873,1.3519397381936509,0.05279999346597408,0.45127936272559044,0.07236518295747629,0.32749999999999996,0.4126984126984127,0.1349206349206349
drawdown_20,validation,2,-0.11320317321925143,-0.06432432432432433,83228,83228,0.00041364205768979666,0.0004936443367791199,83228,0.002394873121500448,0.0017686651222932337,83228,0.004184875325108004,0.0035035037229111943,83228,0.009042850942926823,0.007404620404635409,83228,0.04476193303691979,0.030116724890625446,83228,0.06793277612418235,0.04560072058701603,83228,-0.0403775148701215,-0.027247394760665955,83228,-0.058120366793962784,-0.03920763426602253,0.043085475086654286,0.0639792553186796,0.29480463305618304,0.4639304080357572,0.08959725092516942,0.19367280242226173,0.22463593982794253,0.05514970923246984,0.3890277310520498,0.125955207382131,0.01699788259273849,0.01699788259273849,0.01566325691588898,0.5795014782587794,0.015981392954964813,0.014648103310405385,0.5741292695238324,0.01496591879135456,0.013633963277532676,0.5694180708122011,0.012938010805941147,0.011608717863711537,0.558841910439151,0.9635273766802438,0.031057003847940648,0.2935289773843824,0.050999311696224736,0.19841269841269837,0.2619047619047619,0.05555555555555555
drawdown_20,validation,3,-0.06432432432432433,-0.035046920144628464,86628,86628,-7.401551908204462e-05,0.00023709794513682159,86628,0.001040182766178126,0.000994706770522269,86628,0.002737418196579591,0.0019150726128113194,86628,0.006081051148060008,0.004393195104537284,86628,0.03755433659923529,0.024861427574524253,86628,0.05697515857582736,0.03773017703280701,86628,-0.03531507447007318,-0.02372847297351438,86628,-0.05091688769614024,-0.034173774763352205,0.037300426580337526,0.055143292806033695,0.2283788151636884,0.3877614628064829,0.06293577134413815,0.1440873620538394,0.172103707808099,0.04286143048436995,0.3210509304151083,0.10256499053423836,0.009589655933474495,0.009589655933474495,0.008295731592862484,0.5548776965117219,0.008580570820097777,0.007287938891672841,0.548511213560262,0.007572493783757461,0.006281147867051601,0.5417865437276855,0.005559357905795981,0.004270584831182169,0.5276554935468589,0.8633126872241289,0.02523602150537632,0.2525552396819868,0.045438726954337205,0.15873015873015872,0.21428571428571427,0.03968253968253968
drawdown_20,validation,4,-0.035046920144628464,-0.014122527157641358,90803,90803,4.940283213991696e-05,0.0002354048964219313,90803,0.0005604776062233923,0.0006767426122264997,90803,0.0023803290093878764,0.00200534759358284,90803,0.00555562741084956,0.004202884707230847,90803,0.03206961184828486,0.02083333333333326,90803,0.04881886470374014,0.03207547169811309,90803,-0.03066214463595922,-0.020074448285030688,90803,-0.04407969990596478,-0.029297672519395745,0.032079628104627354,0.04750234864871094,0.18381551270332477,0.32452672268537386,0.04680462099269848,0.11092144532669626,0.13629505633073796,0.03172802660705043,0.2672929308503023,0.07518474059227118,0.006976317238847063,0.006976317238847063,0.005749067717153681,0.549791182271981,0.005969844158148607,0.004743821501260859,0.5413503179098392,0.00496437654506332,0.0037380326097760565,0.5325237743666597,0.0029564517009672553,0.0017325561069577295,0.5146392797716779,0.826362857996284,0.021871317952797675,0.22616515007428767,0.04200071580961401,0.1341269841269841,0.18253968253968253,0.023809523809523808
drawdown_20,validation,5,-0.014122527157641358,inf,91373,91373,-0.00011769751341227444,0.0,91373,2.9880941853176924e-05,0.00029821073558644606,91373,0.00039544329484500105,0.0006559527714005142,91373,0.003096215058805647,0.0015929908403027326,91373,0.022758700498129454,0.012689460697920207,91373,0.034563684662470465,0.01926769939828432,91373,-0.02336915143152137,-0.013440077632217329,91373,-0.033651745232823,-0.02035344302254727,0.023193483551731175,0.03435527817165954,0.11279043043349786,0.2089129173825966,0.027010167117200924,0.06679215960951265,0.08256268263053637,0.019414925634487212,0.17124314622481476,0.04611865649590142,0.0019164817429897507,0.0019164817429897507,0.0008238236499893917,0.5318692151815543,0.0009150659691337104,-0.0001765009617202111,0.493203351771729,-8.534938936377579e-05,-0.0011758266673558807,0.4691275535352429,-0.002083184850794617,-0.0031714873393727657,0.4345144860069007,0.6980212634459961,0.017086360214412684,0.1705771058896868,0.03399758564877997,0.07777777777777777,0.10317460317460317,0.007936507936507936
drawdown_60,train,1,-inf,-0.188433734939759,243534,243533,0.0003948028985261584,0.0,243533,0.002515828096036571,0.0011025358324145973,243533,0.004276052672370192,0.0028409090909091717,243532,0.007873785279698427,0.00528805718022185,243533,0.06737005984346797,0.04703585374511898,243532,0.09888241013736529,0.06965174129353224,243533,-0.06022461528553407,-0.043069078947368444,243532,-0.08500728133153593,-0.06200923153996246,0.06378134079672099,0.09083852146782133,0.47583284400882014,0.6263981735459816,0.20160717438704406,0.3446569649984396,0.3710544361544431,0.12565853498293866,0.5182193715815581,0.21487525253354794,0.05061605061605068,0.05061605061605068,0.04631922702749641,0.6031125997178614,0.04956595961093724,0.04527354843212513,0.6006690508305388,0.04851691764778687,0.04422890831946815,0.5981528917267863,0.046421974565687085,0.04214273465203876,0.5932979421118412,1.3997859294220942,0.05082147265106478,0.45525423925621916,0.0741774261712671,0.33492063492063495,0.42063492063492064,0.14285714285714285
drawdown_60,train,2,-0.188433734939759,-0.10988623615462154,243532,243532,0.00018479216418303582,0.00010769481825012583,243532,0.0011210377556250834,0.0011464133946531563,243532,0.0021936455284961446,0.002428658177416443,243532,0.004872040230986174,0.004807692307692291,243532,0.04146830520137402,0.029994326970844254,243532,0.061181874785980944,0.04522357331675797,243532,-0.03931670703482301,-0.028199001764239395,243532,-0.0560816016140369,-0.040826619181439094,0.041023964189877166,0.058806307480178135,0.2856380270354615,0.45697895964390717,0.07188377708063005,0.16461902337269846,0.21959331833188248,0.04858909712070693,0.3837893993397172,0.11555770904850286,0.015250754956637413,0.015250754956637413,0.013820108544270217,0.5672540580979041,0.014236011573372509,0.012806449572284773,0.5624899806395126,0.013222281919761047,0.011792260063588134,0.5573559575631271,0.011197857731261585,0.00977042662147865,0.5473304313154855,1.0225370393022963,0.030770647293887985,0.27161625505649317,0.04952987519203672,0.18412698412698408,0.24603174603174602,0.03968253968253968
drawdown_60,train,3,-0.10988623615462154,-0.0615671641791045,243532,243532,0.00016734676060743494,0.000315809420102231,243532,0.0005491464810062855,0.0006805531961420197,243532,0.0009594486479738971,0.0014598842398596545,243532,0.0022554710860299716,0.00228461404423308,243532,0.03423618772303317,0.024302324990841173,243532,0.050546605371274866,0.03635704678936402,243532,-0.03342174819179431,-0.0234169026336567,243532,-0.048343362947778315,-0.03460250582302532,0.034602581382753225,0.05050272443190847,0.2088021286730286,0.3644695563622029,0.04626907346878439,0.11439564410426556,0.1558522083340177,0.03293201714764384,0.30253929668380336,0.08710970221572524,0.007202725883245553,0.007202725883245553,0.005861560647770279,0.5375103761721992,0.006196026507050534,0.004855606114308731,0.531313438478545,0.005190332824537958,0.00385059992066433,0.5248863757776993,0.0031819565184421084,0.0018446344590234056,0.5118843128713848,0.9143068296126169,0.025037061752403784,0.2284335410186159,0.044209610100783114,0.14523809523809522,0.1984126984126984,0.023809523809523808
drawdown_60,train,4,-0.0615671641791045,-0.025432593774594163,243533,243533,4.04976123436751e-05,0.00022859755400639337,243533,0.0002452459426979546,0.0006280655580810368,243533,0.0003906448712039891,0.0010055763780967286,243533,0.00021307156407294157,0.0007825600894353357,243533,0.02932638178470515,0.020207439198855592,243533,0.04321079095171311,0.029952076677316253,243533,-0.02925365801677448,-0.019631410256410242,243533,-0.043042554875252194,-0.030050093926111465,0.02986359798803629,0.04407711777256992,0.1601220368492155,0.2953891259090144,0.03421302246512793,0.08549560018560114,0.1174994764569894,0.024781035834979242,0.24063268632998402,0.06839730139241909,0.0033636057854018464,0.0033636057854018464,0.002081372222657691,0.5172928374395173,0.0023607436107038193,0.0010797911122973946,0.509009212706217,0.001358883296320279,7.897216370805162e-05,0.5006803671927351,-0.0006418377506677286,-0.0019200298844836245,0.4841254506661843,0.8480403906899507,0.02165459397636297,0.20787632127830782,0.0417175981230285,0.12777777777777777,0.1746031746031746,0.015873015873015872
drawdown_60,train,5,-0.025432593774594163,inf,243533,243533,0.00013329597935289703,0.0,243533,-3.4581262941301666e-05,0.00035136084759046504,243533,-1.9790218586337583e-05,0.0006013831813169723,243533,0.00015228475821302257,0.0005690440060697188,243533,0.02288324022007216,0.014482099536866855,243533,0.03360285943592193,0.02140625000000007,243533,-0.02314727909132317,-0.013903017972193954,243533,-0.03392282047249907,-0.02085870889159569,0.023199705441000334,0.034165229596760084,0.10814961422066004,0.2115606509179454,0.022502083906493164,0.05569265766857058,0.07791551863607807,0.01645772852139135,0.17052309132643215,0.04523411611568042,0.0012362467548521217,0.0012362467548521217,7.074831042939482e-05,0.5009742021407784,0.000235510876036793,-0.0009288248361013753,0.4770630888373699,-0.0007642252666359983,-0.0019292814472038635,0.4563088837369901,-0.002760704329997643,-0.003924459040887072,0.4294792745688025,0.7652953557575409,0.017626784835056614,0.17535264891908234,0.03626555713469792,0.08888888888888888,0.11904761904761904,0.0
drawdown_60,validation,1,-inf,-0.188433734939759,84140,84140,0.0019019535396147173,0.0007583298212492373,84140,0.0061976199929706845,0.003019323671497709,84140,0.009809095934193037,0.006712243733292489,84140,0.018677663132818,0.01324265157435367,84140,0.07517362477392739,0.049509877593674645,84140,0.11292628330604167,0.07527862442475841,84140,-0.06103631469201961,-0.04144144144144135,84140,-0.08532627928849991,-0.05828624026903134,0.06725131664038402,0.09854663472876433,0.4959115759448538,0.6494889469931068,0.22810791537913003,0.38175659614927504,0.38227953410981697,0.1215711908723556,0.5397314000475398,0.19816971713810316,0.05139947781908394,0.05139947781908394,0.049191744319870584,0.6291062514856192,0.05034860377828532,0.04814298450606157,0.6269075350606133,0.049298779561703254,0.04709521519424269,0.6248395531257428,0.04720227431481616,0.04500313604958636,0.6196695982885667,1.3726518440506548,0.05379893687331905,0.4730557448974988,0.07237315258164717,0.3277777777777777,0.4126984126984127,0.1349206349206349
drawdown_60,validation,2,-0.188433734939759,-0.10988623615462154,79642,79642,0.0003968067136344358,0.000528844060757816,79642,0.0021757926620800507,0.0018877118538913606,79642,0.003910683577551952,0.003513566403638868,79642,0.007864511574883343,0.006508233965267118,79642,0.04497034116373099,0.030745230482122743,79642,0.06777527218219732,0.04635381539227923,79642,-0.0410265693179704,-0.02793828650786151,79642,-0.05891360716306494,-0.04039530171068062,0.04357741185608444,0.06398326760067749,0.29896285879309914,0.4691996685166118,0.08652469802365587,0.18938499786544788,0.22427864694507924,0.05941588609025389,0.388915396398885,0.13014489842043142,0.01624590160770556,0.01624590160770556,0.014884472808293003,0.5736766091051805,0.015230163575114308,0.013870094541634343,0.5684646781789638,0.014215440265832213,0.0128567323376545,0.5636923076923077,0.01218903174100816,0.010833038470626201,0.553193092621664,0.9626585581423022,0.03233877185572194,0.30010239486798207,0.05017539204504107,0.19285714285714284,0.25396825396825395,0.047619047619047616
drawdown_60,validation,3,-0.10988623615462154,-0.0615671641791045,83618,83618,0.0002895244647088737,0.0004774789234434085,83618,0.0019204930804081152,0.0014784464755349669,83618,0.003493042357459978,0.0027779300849264388,83618,0.006412187122899191,0.004860617694426472,83618,0.037513298109289675,0.024873768393901985,83618,0.05665704933096281,0.03735484020239832,83618,-0.03410796941642296,-0.022981181732655842,83618,-0.04953366207145519,-0.033418031884445254,0.03651090360698733,0.0542739979740601,0.22757061876629434,0.3836494534669569,0.06242675022124423,0.14047214714535147,0.17294123274892967,0.037551723313162234,0.3215216819345117,0.09573297615345978,0.010017199597625481,0.010017199597625481,0.008760420606706353,0.5589446466194216,0.0090076871542496,0.007752164159184459,0.5521212411415438,0.007999183214813188,0.006744912139367591,0.5455611951733385,0.005985194808812544,0.0047334254029404305,0.5319263551043861,0.8408325778100869,0.025737260152255925,0.2500375228546317,0.044502929442327976,0.15238095238095234,0.20634920634920634,0.031746031746031744
drawdown_60,validation,4,-0.0615671641791045,-0.025432593774594163,90195,90195,-7.541922805780893e-05,0.0001388406803191078,90195,0.000855284960843426,0.0007964954201513663,90195,0.0022231734596523797,0.0015254472333934288,90195,0.0052466396512742906,0.003327233405423513,90195,0.03245381332565888,0.020812182741116736,90195,0.04913832269667303,0.031957390146471365,90195,-0.030821714561452943,-0.02042454513021763,90195,-0.04418265136988615,-0.029698028450212077,0.032607948459831095,0.047464907541330086,0.1855202616553024,0.32806696601807195,0.04733078330284384,0.111935251399745,0.14005210931869838,0.03162037806973779,0.27026997061921393,0.07589112478518766,0.005924855491329373,0.005924855491329373,0.004684092409881766,0.5431260265459227,0.004919433346910473,0.003679910244111044,0.5345696275580415,0.003915015620218121,0.0026767308222001734,0.5254250455009544,0.001909187405535695,0.0006704574212737242,0.5062591556798508,0.8011071780933762,0.02219806178073894,0.2236299274739217,0.0421845185590235,0.1349206349206349,0.18253968253968253,0.023809523809523808
drawdown_60,validation,5,-0.025432593774594163,inf,99447,99447,-0.0002271072145645639,0.0,99447,-0.00015272563864697584,0.00025654181631629136,99447,0.00044480294637742977,0.0006957558890767768,99447,0.0037074155962392038,0.0019595035924233617,99447,0.0229557995536637,0.013105691056910507,99447,0.035181584894550186,0.02066287616142004,99447,-0.023642743665360826,-0.013964033031783285,99447,-0.03382779286579435,-0.020599129248164205,0.023423766841608698,0.034572948814021724,0.11150663167315253,0.21189176144076743,0.026496525787605456,0.06600500769253974,0.08178225587498869,0.01930676641829316,0.17281567065874284,0.04716079921968486,0.002424046541693592,0.002424046541693592,0.0012758433036708225,0.5438238193927443,0.0014221234566944574,0.0002733281066176987,0.5079981488561138,0.0004212012938582532,-0.0007264482571727759,0.4853015151210286,-0.001577646258872134,-0.002723009286176245,0.45264492243304694,0.7354142598672087,0.017092133750300678,0.17077616940079793,0.035705184459093986,0.08333333333333333,0.11904761904761904,0.007936507936507936
ret_20,train,1,-inf,-0.06820733963194336,257640,257640,0.00030523943289895487,0.0,257640,0.0024404078738349813,0.0014084094079732656,257640,0.004614607369113847,0.003918547679842899,257640,0.008617977973199095,0.0074349442379181285,257640,0.05535939544253658,0.038187770558179124,257640,0.08119179706044675,0.05681818181818188,257640,-0.04986339214032238,-0.03479756558810354,257640,-0.07000584617199551,-0.04888917255269054,0.052121199842594605,0.07424612535200456,0.3898424157739481,0.5523598820058997,0.14105728924080113,0.2607475547275268,0.3030585312839621,0.08464912280701754,0.4612909486104642,0.15754153081819594,0.030676124034704655,0.030676124034704655,0.029016551099518506,0.5997889835391588,0.02964596299119182,0.027988060651374238,0.5962227274850886,0.028616831079590344,0.02696059639384485,0.5923995141170791,0.02656164848965581,0.024908736717525772,0.584893245915936,1.1844464245589876,0.04074866775217915,0.34397560555095297,0.0591871419378891,0.24999999999999997,0.3253968253968254,0.07142857142857142
ret_20,train,2,-0.06820733963194336,-0.016084366204863636,257640,257640,-9.11923461732918e-05,0.0,257640,0.00038435520168837256,0.00034871499712663123,257640,0.0010592458128898718,0.0012117050952007435,257640,0.00299162537094584,0.002875570022722984,257640,0.0339010741654632,0.02345556656755865,257640,0.05014589541794321,0.03534510228829468,257640,-0.03322945799546462,-0.022795536718011877,257640,-0.0477496105924094,-0.033112582781456956,0.03424830294421551,0.04951154934188016,0.2083876727216271,0.35847306318894584,0.04932075764632821,0.11613879832324173,0.15758034466697718,0.03403586399627387,0.29809035863996275,0.08632588107436734,0.007491197884574197,0.007491197884574197,0.00616776402333466,0.5437234145867729,0.006484210180541794,0.005162063873698744,0.5367427406040595,0.005478228458231427,0.004156291318980471,0.5292182188987083,0.0034692769349351504,0.0021499774881842734,0.5148489851413033,0.9030525519410576,0.024812303504818754,0.22080338535775473,0.0415790196357228,0.12777777777777777,0.1746031746031746,0.015873015873015872
ret_20,train,3,-0.016084366204863636,0.02105193579412581,257640,257639,-1.84923231995183e-05,0.0,257637,0.00024214919556427735,0.00020568513719187997,257635,0.00018987176353617766,0.0003990422984836428,257630,0.0007005399826645678,0.00036916265106978763,257635,0.026457104131211998,0.016083785300168296,257630,0.039143009891974744,0.024090321639233414,257635,-0.026357944438796046,-0.01558778956484086,257630,-0.03887317853291072,-0.02359591143366574,0.02737322286903695,0.040192955648272084,0.1489277466182778,0.2639211271979195,0.03452558852640363,0.08377129992625082,0.11189085333902614,0.02430958526597706,0.21851104296859838,0.06539611070139346,0.001438553287224309,0.001438553287224309,0.000220147341709526,0.503961915865151,0.00043761520297935785,-0.0007795755463551748,0.4820246769649276,-0.0005623229431196419,-0.0017783003141996398,0.46345283202176235,-0.0025592054085330496,-0.00377278292322759,0.43975128728261925,0.7581100311628357,0.019799286205305855,0.1862273774685756,0.035939662392927896,0.08730158730158728,0.11904761904761904,0.0
ret_20,train,4,0.02105193579412581,0.07537412731921866,257640,257640,0.00012951182300920846,0.0003375242619594321,257640,0.0005162619983451358,0.0011765051923469105,257640,0.0005757851828467633,0.0017642669838336955,257640,0.0007621796112495127,0.0016834104182607001,257640,0.03134482966413522,0.021051474113480184,257640,0.04644608959237025,0.0313855608576763,257640,-0.030714257875003603,-0.020002578754511502,257640,-0.045369561711213105,-0.030678942101235396,0.03190512217034193,0.04733182973481875,0.1802398695854681,0.3172178233193603,0.04269911504424779,0.10181260673808415,0.13436578171091446,0.03131113181183046,0.26077472442167365,0.08026315789473684,0.005120619042520591,0.005120619042520591,0.0038723781591680885,0.5305745678983556,0.004116000732633074,0.002869007089402227,0.5227079276611126,0.003112386037440684,0.0018666379651755046,0.5147441204248918,0.001108161481472636,-0.00013590777947483312,0.49882427931236856,0.9011965152498081,0.022163758900522725,0.2161628674905932,0.04246794871794879,0.13253968253968254,0.18253968253968253,0.015873015873015872
ret_20,train,5,0.07537412731921866,inf,257640,257639,0.0005871823585961389,0.0004994173464292206,257639,0.000999557583572375,0.0010362694300518616,257639,0.0013632541218777253,0.0012861736334404128,257638,0.0022119409701890063,0.001010271118051409,257639,0.04777631738906055,0.030261723009814556,257638,0.07010154026754047,0.04491605686802691,257639,-0.0443808315523651,-0.029358274876591373,257638,-0.06380050243496657,-0.0438754206274673,0.04626572240557507,0.06712111931732212,0.3061958787295402,0.4582903143169874,0.10714604543566773,0.20099907622322793,0.2300971514405816,0.07186800135072718,0.37334554685256055,0.14129903197509683,0.01129498292618858,0.01129498292618858,0.009925479974037935,0.5500149786214221,0.010284193338056413,0.008915992345060353,0.5448932428647016,0.009274413529732684,0.007907580843994854,0.5396370879890442,0.007257877205924412,0.005893775799322862,0.5296655669333001,1.1412895108600845,0.03125995608651368,0.32313678281518643,0.06191873898994665,0.26666666666666666,0.3492063492063492,0.0873015873015873
ret_20,validation,1,-inf,-0.06820733963194336,81144,81144,0.0018875856939641086,0.0008661759961587912,81144,0.0058475143977414065,0.0035733274103321166,81144,0.00796088626487598,0.007127704760696796,81144,0.014046503465939733,0.013477596341007425,81144,0.060556850362626466,0.04009858809119937,81144,0.0892251618341993,0.061073935238948995,81144,-0.05093967445001657,-0.03292133513750234,81144,-0.07195049564133052,-0.046239195028429825,0.05499167297303614,0.07970785650141682,0.41276003154885144,0.5786872720102534,0.16393078970718722,0.29495711328009466,0.31750961254066845,0.08942127575667948,0.48184708666075127,0.15887804397121166,0.0390481877084794,0.0390481877084794,0.0369378080882299,0.6282781228433403,0.03800965878523266,0.035901395359822674,0.6243468401853495,0.036972167353417684,0.034866017551329884,0.6207729468599034,0.034900290751559204,0.03279836049969627,0.6126885536823425,1.161027328735745,0.04355908111084798,0.36648452135629694,0.05846915887131321,0.24365079365079365,0.31746031746031744,0.07936507936507936
ret_20,validation,2,-0.06820733963194336,-0.016084366204863636,79428,79428,-7.024945064001502e-05,5.7246046252901195e-05,79428,0.0003891010969701449,0.0006525640347755379,79428,0.001448712895223816,0.0017612638431475647,79428,0.005123723988148414,0.005012780417084972,79428,0.03554105700094762,0.023728164912075855,79428,0.05432335029981812,0.036055595369254734,79428,-0.03508766808928985,-0.022776811128710772,79428,-0.05102407008826479,-0.03263105051786097,0.035716665265594374,0.053555625799641814,0.21496197814372764,0.3731303822329657,0.05686911416628897,0.13577076094072618,0.1617943294556076,0.045512917359117694,0.31127562068791864,0.10925618169914891,0.009478232285930477,0.009478232285930477,0.00819618907611076,0.5594207282489507,0.008469258540517388,0.007188497620576701,0.5518836414968301,0.007461292760883809,0.006181812435860008,0.5449011230007185,0.005448379063232145,0.004171454855781325,0.5301546489204825,0.78590657866523,0.025132431707965912,0.23825371179318097,0.041030185416212894,0.12777777777777777,0.1746031746031746,0.023809523809523808
ret_20,validation,3,-0.016084366204863636,0.02105193579412581,92363,92363,1.3423346849876623e-05,0.0,92363,0.0006734500222937764,0.000343288705801692,92363,0.0014090600515550265,0.0007320644216690653,92363,0.003738681415343844,0.0015939430165372581,92363,0.026559704888191187,0.014551804423748482,92363,0.04069201876802556,0.022376300031515806,92363,-0.025494167187578073,-0.014376321353065546,92363,-0.03730497066424399,-0.02079953650057942,0.026689604051530386,0.0399513962979169,0.14566438942000584,0.2569751956952459,0.03777486655911999,0.08985199701179043,0.10819267455582864,0.027879129088487813,0.21315894892976625,0.06659593127118002,0.002167914860070841,0.002167914860070841,0.0010199010101983384,0.5371379657821456,0.0011662477787515169,1.913170638100737e-05,0.5005471822821294,0.0001655813638470338,-0.0009803908717936109,0.4779122557995904,-0.0018327554587318495,-0.002979014448988462,0.4463923892903967,0.6106539622104925,0.018478627824666492,0.18836737657730407,0.03422784589303801,0.07777777777777777,0.1111111111111111,0.0
ret_20,validation,4,0.02105193579412581,0.07537412731921866,89389,89389,0.00022226396749495426,0.0003555344868453325,89389,0.0012332346058636554,0.0009585430146177298,89389,0.00274524883892626,0.0020366598778003286,89389,0.00566864433700071,0.00403193290863646,89389,0.033224362258473666,0.02072335676148529,89389,0.05022759140129357,0.031454828028920856,89389,-0.03069114613845932,-0.020332717190388205,89389,-0.04423479630768618,-0.029541258343985244,0.03240330135272523,0.04747741148865829,0.18930740918905012,0.3236527984427614,0.052075758762263814,0.11684882927429549,0.14128136571613956,0.03019387172918368,0.2672476479208851,0.07336473167839443,0.007231965286566666,0.007231965286566666,0.006030883590505746,0.5532307898979043,0.006225236685580615,0.005025355651526553,0.544622066989074,0.005219513807472875,0.004020831801924789,0.5358454236073795,0.003211079197598332,0.002014353673763946,0.5176876231416802,0.8636839492772381,0.021966750841750836,0.22683166814625308,0.04226107155668346,0.1349206349206349,0.18253968253968253,0.023809523809523808
ret_20,validation,5,0.07537412731921866,inf,96148,96148,0.00018607859975692132,0.00023670063601155533,96148,0.0025364304029561863,0.0009825909697173119,96148,0.005701492042469299,0.002134682157818091,96148,0.012605651839784534,0.00456980890319858,96148,0.054560462871758475,0.03164497354623508,96148,0.08325645098885771,0.04761904761904767,96148,-0.046753800133801586,-0.030852861447440316,96148,-0.06499499813444147,-0.04446157056286132,0.05132059498418587,0.07506412361874888,0.33500436826559055,0.48300536672629696,0.1322024379082248,0.23696800765486542,0.2557099471647876,0.07290843283271622,0.3969297333277863,0.13198402462869743,0.015500031035768469,0.015500031035768469,0.014207606191927978,0.5697211155378487,0.014485038501000136,0.013193907196593913,0.5648840668656965,0.013471059944787922,0.012179041097693168,0.5600158114279176,0.011446138696304287,0.010156703357649143,0.5492390750314669,1.1977670169891397,0.032913611661261034,0.3559344508241178,0.06578541640326219,0.29148936170212764,0.373015873015873,0.10317460317460317
ret_60,train,1,-inf,-0.11038961038961037,243173,243173,0.0006789429832681043,0.000152578577967466,243173,0.0035055878853766315,0.0022371364653241965,243173,0.005798653005231087,0.0046538685282140335,243173,0.01025735669352526,0.009128630705394158,243173,0.05905314454221582,0.04057591623036649,243173,0.08688957858258056,0.06117737645247079,243173,-0.051393942904504115,-0.035454415751177026,243173,-0.07241514870810381,-0.05038733118530192,0.05516835260446174,0.07870792280217309,0.41671978385758285,0.5807223663811361,0.16146529425553002,0.28919740267217164,0.3263931439756881,0.09364937719236922,0.4846714067762457,0.168275260822542,0.03962145110410087,0.03962145110410087,0.03685111808574916,0.6087693678530766,0.038582349203946986,0.035812805697481305,0.6054386970888285,0.037544285367629104,0.03477753687746359,0.601928130324119,0.035471265670551366,0.032710090098055734,0.595088506709679,1.2222743407321581,0.04153856277967887,0.3635217540420622,0.05923488459484594,0.2492063492063492,0.3253968253968254,0.07142857142857142
ret_60,train,2,-0.11038961038961037,-0.02414671937864553,243169,243169,0.0001287639854505934,0.0,243169,0.0010321282869866296,0.0007593014426727773,243169,0.0019548727493969896,0.0018856065367693908,243169,0.004223380639069568,0.0033129904097646268,243169,0.03438903524660417,0.024168600154679032,243169,0.05089024113322442,0.036605519748801996,243169,-0.03274087993483621,-0.022458969190901068,243169,-0.04700743667974112,-0.03304721030042912,0.034333716207699705,0.04977223515248492,0.21757707602531573,0.37165099169713245,0.049097541216191205,0.11857185743248523,0.16564200206440788,0.033314279369492,0.3111005103446574,0.0824570566149468,0.008493939617289614,0.008493939617289614,0.007117394132674134,0.547048824756864,0.0074859496726447095,0.006110721051173822,0.5405377596503287,0.006478966710961487,0.005105112726075861,0.5338085615155718,0.0044680157066416815,0.003095866963876946,0.5203337023760037,0.9009469789246592,0.02539621920947106,0.22237228847077,0.04090601463575866,0.1222222222222222,0.16666666666666666,0.007936507936507936
ret_60,train,3,-0.02414671937864553,0.037214572444864716,243171,243171,6.820811671220001e-05,0.0,243171,0.00033777017817025257,0.00039447731755415383,243171,0.0007117112422965373,0.00070175438596487,243171,0.0016170606170011178,0.000954198473282375,243171,0.026411988641354738,0.01645510108133519,243171,0.03905661833987726,0.024906600249066102,243171,-0.02601159676895536,-0.01533682780042711,243171,-0.037922581304772135,-0.023010655180231265,0.027059811312852025,0.03949167713141711,0.14784657710006538,0.2652783432234929,0.03219545093781742,0.0807127494643687,0.11162104033786924,0.02300027552627575,0.2199439900317061,0.062046872365537006,0.0018910741301056966,0.0018910741301056966,0.0007147490733767825,0.5153294167534654,0.0008896837511651601,-0.00028546655137640185,0.49294974454402857,-0.00011070623778652866,-0.0012846833793541798,0.47392537639101023,-0.0021084910360823494,-0.0032802648049439767,0.44978777187225966,0.7733952329905275,0.020232817986956714,0.18560709506937745,0.036055800236050706,0.08888888888888888,0.11904761904761904,0.0
ret_60,train,4,0.037214572444864716,0.12949908728432055,243171,243171,0.0001314918141819416,0.0003495688650665407,243171,0.00026733572924386316,0.0008577248847432273,243171,0.00033391677100955,0.0013153773880363318,243171,0.0002696291146036684,0.0011773940345369827,243171,0.030732543619117963,0.02097181911806012,243171,0.04514522095998742,0.03085417343293284,243171,-0.030564505568691856,-0.020425001006157628,243171,-0.044857247439436705,-0.030799966702738657,0.031391348338017926,0.04592450003398249,0.17270562690452398,0.3083468012221852,0.039174079145950794,0.09375706807143944,0.12825131286214228,0.029251020886536635,0.25264114553133393,0.07723782852396051,0.00425293788472314,0.00425293788472314,0.002979160124565528,0.5246473651253996,0.003249186822369854,0.0019766817181979114,0.5164164716738622,0.002246438508330284,0.0009748626905105974,0.5080949477638994,0.00024394412071226945,-0.0010266870526583266,0.49178970437992287,0.9059453854448499,0.0224877300613497,0.21166064634128767,0.04321478851686367,0.13809523809523808,0.19047619047619047,0.015873015873015872
ret_60,train,5,0.12949908728432055,inf,243171,243170,-5.404373009552181e-05,0.00018370535058909176,243170,-0.000594733770306833,-0.0001992699611238491,243170,-0.0008489800354082378,-0.00048015369836701405,243169,-0.000914354078832009,-0.001675257731958757,243170,0.04476130507137869,0.02846063118946185,243169,0.06552404691065168,0.04166666666666652,243170,-0.04451893273172423,-0.03012998160141056,243169,-0.06407356948442491,-0.0449859418931583,0.044547335548568864,0.0645793173558519,0.2842908253485216,0.42940506396785777,0.09481432742525805,0.18305787333089332,0.21067977135337418,0.06898877328617839,0.3481076946485777,0.14100481558093342,0.0070525818939984886,0.0070525818939984886,0.005724294225081461,0.5303248130831497,0.0060460325867581766,0.004719072065329533,0.525200304834092,0.005040488823281453,0.0037148536053339958,0.5196350229655414,0.0030324119063978028,0.0017062470828838568,0.5091800374863545,1.1195129995086266,0.030268643322504816,0.3182779625722561,0.06299848344820125,0.27460317460317457,0.35714285714285715,0.0873015873015873
ret_60,validation,1,-inf,-0.11038961038961037,80648,80648,0.0019955770822266037,0.0010712008021366293,80648,0.006210387074537084,0.003741265049710396,80648,0.00991577698152548,0.007789040602460884,80648,0.01900541290604715,0.01486355389424443,80648,0.06302675011812969,0.04167453194245563,80648,0.09468019472426718,0.06361563850714835,80648,-0.05091430398344797,-0.03341322043141759,80648,-0.07074270182197555,-0.04654371465854712,0.05625165186327411,0.08244825413924407,0.4265449856165063,0.5938770955262375,0.17308550739013986,0.3119978176768178,0.32645570875905167,0.08824769368118242,0.4960817379228251,0.15437456601527627,0.046688412844539284,0.046688412844539284,0.041861906898967606,0.6276984884744627,0.04564224751435986,0.040820573472524956,0.6243009659379766,0.04459712730439036,0.039780105294523985,0.6212754349200839,0.042510015986876426,0.03770263190575063,0.6136992076580654,1.1548944513187562,0.04408623561788924,0.38680237912732535,0.05783196647908592,0.23968253968253966,0.30952380952380953,0.07936507936507936
ret_60,validation,2,-0.11038961038961037,-0.02414671937864553,77421,77421,0.0003437484901237628,0.0005308982798895023,77421,0.0010081272303592709,0.0013011152416357863,77421,0.0016506752637087912,0.0023148148148146586,77421,0.0035840164581974034,0.0038587690526723506,77421,0.03544774101907842,0.023887079261671884,77421,0.05240131604769533,0.03531864782488214,77421,-0.034322741035877805,-0.02223296278395359,77421,-0.049915615972768244,-0.032370517928286824,0.03512800886832373,0.05168627007990254,0.2157683315896204,0.36377726973301816,0.053964686583743426,0.12794978106715232,0.16067991888505703,0.04263701063019078,0.3014685937923819,0.1026724015448005,0.007833089311859442,0.007833089311859442,0.006525400694092035,0.5499444200294703,0.0068257598872600855,0.005519377288695953,0.542576842540651,0.0058194367857618,0.004514358216813712,0.5351446371791226,0.0038098035261833196,0.0025065403454380157,0.5191557014709304,0.8117137050888431,0.026144447881224865,0.24088069646257268,0.04045172104399031,0.1238095238095238,0.16666666666666666,0.015873015873015872
ret_60,validation,3,-0.02414671937864553,0.037214572444864716,85644,85644,0.00015980206985276955,0.0,85644,0.0007752650809009468,0.0003993610223642641,85644,0.001347845806606007,0.0007898894154818592,85644,0.0019684483015787687,0.0014043310849203294,85644,0.02529356670402381,0.014265502601882307,85644,0.03765832966976734,0.02087902604688996,85644,-0.024561398597336973,-0.01373647739698075,85644,-0.03614702626333617,-0.020088184690189248,0.025316285196492497,0.037453387137371945,0.13656531689318574,0.24326280883657933,0.033767689505394424,0.0802391294194573,0.10219046284620055,0.024671897622717296,0.20087805333706973,0.06300499743122694,0.0017867778439548676,0.0017867778439548676,0.0006841926598191251,0.5270729854496582,0.0007854917091785207,-0.0003161350482571276,0.48815520364635073,-0.00021479413974934136,-0.001315785494699476,0.4648279086074914,-0.0022123709697934313,-0.003312884131667805,0.4319756909951499,0.6002976035156383,0.01879518541956375,0.18428266968219623,0.033345742529203026,0.07222222222222222,0.10317460317460317,0.0
ret_60,validation,4,0.037214572444864716,0.12949908728432055,87276,87276,5.650468037562478e-05,0.000158781862260704,87276,0.0008868651278883157,0.0005959031690417893,87276,0.0016870564380323965,0.0013101067453376025,87276,0.004108844476949822,0.004449472862196324,87276,0.03144919915299297,0.020100781546691815,87276,0.0471686201224677,0.030948039932633176,87276,-0.030217643713542172,-0.019814081637262948,87276,-0.043955207211050326,-0.028999669627780666,0.03172764777636955,0.04610340295935291,0.17814748613593656,0.31002795728493515,0.04583161464778404,0.10407213896145562,0.1355011687061735,0.031085292634859527,0.25643934185801365,0.07613776983363124,0.007422679458865322,0.007422679458865322,0.006218564125938165,0.5553440366972477,0.006415760239016577,0.005212848536172267,0.5466628440366973,0.005409846932474149,0.004208137197730865,0.5376146788990825,0.0034010320358758284,0.0022017212640877215,0.5195871559633027,0.8378542988631489,0.021623555786085113,0.21728684936450543,0.04095779093771884,0.12460317460317459,0.16666666666666666,0.015873015873015872
ret_60,validation,5,0.12949908728432055,inf,106043,106043,-0.0001853485742568403,-0.00022708840227081417,106043,0.0018237508058715963,0.0001784917447567036,106043,0.00454477933384329,0.001776198934280604,106043,0.011662765893053489,0.005685279187817249,106043,0.05197909482020984,0.030280233214218466,106043,0.08041690769821686,0.047207415990730084,106043,-0.046024243111195504,-0.030354131534569895,106043,-0.06467249674511949,-0.04392504672897202,0.049569711320011596,0.0731644918061507,0.3208604056844865,0.47903209075563685,0.12421376234169158,0.23180219344982694,0.24423111379346113,0.07189536320172006,0.3951038729571966,0.13328555397338815,0.01657616461846234,0.01657616461846234,0.015309862397290925,0.5810373612277044,0.015560096487909458,0.01429232490106805,0.5756609664305454,0.014545043410433722,0.013277450858777637,0.5702091134607947,0.012517976336552383,0.011252917071587088,0.5593337043360153,1.1998997889802472,0.03086613861386137,0.34258670950630893,0.06588883168134835,0.29444444444444445,0.373015873015873,0.10752688172043011
atr_pct_20,train,1,-inf,0.017341772151898728,257982,257981,-0.00010880199189685556,0.0,257979,-7.417110191206344e-05,0.00020052135552450778,257977,-4.208351070475791e-05,0.0004980079681276006,257972,4.85875903864134e-05,0.0004353978499395117,257977,0.014434770910411954,0.010033444816053505,257972,0.021533112628314123,0.015292430142196167,257977,-0.015044044567059569,-0.009728415079043318,257972,-0.022562663994145922,-0.014697621833383745,0.015490085970697278,0.02308581610911259,0.028401756745756405,0.09493278340284993,0.002147478263566132,0.008524180918859411,0.019819596320602224,0.001976920423138497,0.07534926271068178,0.008834292093715597,0.0005176251372634999,0.0005176251372634999,-0.0007215001328456046,0.4836169948444003,-0.00048239247906545213,-0.001720704285532154,0.4570159637244549,-0.0014814110767968347,-0.002718773176156704,0.43346636437045777,-0.0034764571986137804,-0.004711895404123372,0.39990061494502765,0.568100430938274,0.012648052190887354,0.10515545357556164,0.024434907876062395,0.016666666666666663,0.023809523809523808,0.0
atr_pct_20,train,2,0.017341772151898728,0.023548528765920087,257981,257981,7.04609108147388e-05,0.00033823778116004455,257981,0.00043878912388838585,0.0010441683199333696,257981,0.0008032133985373888,0.0019230769230769162,257981,0.0016073601223663767,0.0027437737441957655,257981,0.025992206694583582,0.020595788392398617,257981,0.038473366286082986,0.031027104136947203,257981,-0.025769606027193047,-0.019294605809128673,257981,-0.03778037721492175,-0.028906398329219707,0.026550383306886537,0.03910616907750534,0.12240436311201212,0.2797531601164427,0.012404014249111368,0.047732197332361684,0.08826231389133309,0.009535585954004364,0.22812920331342232,0.040192882421573685,0.004324012683770695,0.004324012683770695,0.0030977940922976475,0.5242548534930016,0.0033201905821378386,0.0020949952487906093,0.5165637696400092,0.002317371299787263,0.0010933998148313475,0.5086476187519645,0.0003147351880270488,-0.000906952446255151,0.4929899379513467,0.7991251162089903,0.020539853921879965,0.19753050883299067,0.03841651975175325,0.10476190476190475,0.14285714285714285,0.0
atr_pct_20,train,3,0.023548528765920087,0.03058204334365326,257981,257981,0.00021167954818782246,0.0003655237955992874,257981,0.0009344097325953908,0.0015343306482547003,257981,0.001580376431253518,0.0023809523809523725,257981,0.003504711683187978,0.0044583570479985735,257981,0.0330249099791635,0.026170798898071723,257981,0.048827936181286176,0.039311803152633606,257981,-0.03188257528893367,-0.02433356117566632,257981,-0.04612337104618011,-0.03571565802113352,0.0330329179053276,0.04827658562658591,0.21042247297281583,0.3909939104042546,0.0290253933429206,0.09963136820153422,0.15596109791031124,0.020582911144619177,0.3255045914233994,0.07323795163209694,0.009309967141292397,0.009309967141292397,0.007984213406409268,0.547278959040928,0.008301161576933502,0.006976266450175763,0.5414165852448084,0.007293363810340736,0.005968800550413377,0.53537973603809,0.005280785635738194,0.003958232923465924,0.5235658121248778,0.9679841709610653,0.026766655040111588,0.24661358509453626,0.0474077206665276,0.16904761904761903,0.23015873015873015,0.031746031746031744
atr_pct_20,train,4,0.03058204334365326,0.043667563600782784,257981,257981,0.00031503737849220215,0.0003046365685737129,257981,0.0013930831768662175,0.0015630981242822362,257981,0.002457103277227488,0.003054989816700493,257981,0.005216013410794547,0.005760368663594528,257981,0.043739667454410595,0.034437220642015376,257981,0.06458361908457382,0.051690821256038744,257981,-0.0414891296854027,-0.03193018480492815,257981,-0.05940046644635694,-0.046310832025117765,0.04288020690960469,0.062084385623133564,0.3334199030161136,0.5143673371294786,0.07489698853791558,0.19623925792984756,0.25429779712459444,0.04843767564277989,0.4337645020369717,0.13269969493877457,0.021872265966754068,0.021872265966754068,0.020302422042950737,0.5766161073877534,0.020850904381579882,0.01928186623337374,0.5726506990824906,0.01983056313764986,0.01826309883044788,0.5684837255456797,0.017792935563693213,0.0162284007570743,0.5606226815153054,1.152992426868334,0.0357342007434944,0.32710746868997026,0.06113648096418206,0.2619047619047619,0.3412698412698413,0.07936507936507936
atr_pct_20,train,5,0.043667563600782784,inf,257981,257980,0.00035174044015448894,0.0,257980,0.0018301489330331926,-0.00034135519000882963,257980,0.002974665387716501,0.0,257979,0.004967674611898694,-0.0011976047904190823,257980,0.07758019735575779,0.05519480519480524,257979,0.11355929675677434,0.08083973053423144,257980,-0.07036714033702159,-0.054193920345177116,257979,-0.09987328071315975,-0.0790277777777777,0.07389761625626812,0.10579449472476382,0.5383828203736724,0.6697366839936584,0.2561090006977285,0.41120788901422206,0.41819133266144665,0.16549344910458175,0.5488353703208401,0.27551467367498905,0.051872995183348425,0.051872995183348425,0.04905968225086451,0.5962315359298717,0.05082164786182597,0.04801087974981688,0.5948573367181011,0.049771350837327755,0.04696341371119094,0.5933755259453368,0.047673901390201334,0.04487161024705342,0.5907667590848649,1.6385894796900258,0.058720573183213894,0.5562408859168496,0.09670361417681789,0.43902439024390244,0.5238095238095238,0.23809523809523808
atr_pct_20,validation,1,-inf,0.017341772151898728,91222,91222,-0.00015054628220187633,0.0,91222,-9.268581908663761e-05,0.0003002251696282432,91222,0.0003185818135103965,0.0007200504819527831,91222,0.0017044920389654057,0.0016935644550708506,91222,0.014037322784598624,0.00920437313868705,91222,0.021273598146783992,0.014487213752983674,91222,-0.014966704820726255,-0.009485094850948506,91222,-0.021838690435451617,-0.014003082018942736,0.015080445603021369,0.021885587617163006,0.03239350156760431,0.09436320185920063,0.0033325294336892415,0.011970796518383724,0.024380083751726556,0.005064567757777729,0.07772247922650238,0.014601740808138388,0.0017369602299600606,0.0017369602299600606,0.0006591428260877084,0.5265533868611535,0.0007357238879012185,-0.00034102060285580465,0.48465011038739936,-0.00026451221805179337,-0.0013402704696427457,0.45747613764924266,-0.0022619897110777165,-0.0033361968729099336,0.41641861537954594,0.5001623077538448,0.012027145355627827,0.10720986026273652,0.025231019802609,0.02222222222222222,0.031746031746031744,0.0
atr_pct_20,validation,2,0.017341772151898728,0.023548528765920087,84290,84290,1.1645392270366039e-05,0.00032493938270328204,84290,0.00022982506595489111,0.0007148814589749142,84290,0.0007181565112401848,0.0014242140217223254,84290,0.002034420389512062,0.0026559012308539076,84290,0.026202712490881738,0.020129001345966402,84290,0.039165980127186646,0.030265947693125517,84290,-0.026558608912732727,-0.019429485711094707,84290,-0.0388175226119844,-0.028654952029749103,0.026794593053239762,0.0391253916955976,0.12515126349507652,0.2771740419978645,0.01659746114604342,0.05781231462806976,0.09085300747419622,0.01758215683948274,0.22390556412385812,0.053636255783604224,0.004019503136492575,0.004019503136492575,0.002843220408057557,0.5252320254456551,0.0030159853922283597,0.0018408779560423374,0.5163782667521185,0.0020134701631929763,0.0008395364287322232,0.5074414298938973,1.1441247724119918e-05,-0.0011610580598040907,0.48938973153884496,0.7087130674624958,0.020458280865995444,0.20789326402075486,0.03863819156522097,0.10714285714285714,0.15079365079365079,0.007936507936507936
atr_pct_20,validation,3,0.023548528765920087,0.03058204334365326,80568,80568,7.771886258919128e-05,0.0003254842637350208,80568,0.0006658023740981325,0.001050479160551121,80568,0.0012202851332358045,0.001957788906201796,80568,0.002222342697416787,0.0033783783783782884,80568,0.03364807834641285,0.025629740968191705,80568,0.04991414677752766,0.038412505703175226,80568,-0.033328310163276614,-0.024633171154771316,80568,-0.048655413111726026,-0.03632317795387319,0.03383154849260266,0.049017392561646056,0.21198242478403337,0.383589017972396,0.03666468076655744,0.11152070300863867,0.15575662794161454,0.029527852249031875,0.3155347036044087,0.0886952636282395,0.007839098075526074,0.007839098075526074,0.006562439096793247,0.5410015144368033,0.006831762645165829,0.005556379615620142,0.5348692867250925,0.005825433543906744,0.004551324679317917,0.5288115395119045,0.0038157883027695183,0.002544222429134398,0.5154919436927431,0.9280956710966904,0.026775356385419245,0.26884312320689474,0.04891422095093584,0.18333333333333332,0.24603174603174602,0.03968253968253968
atr_pct_20,validation,4,0.03058204334365326,0.043667563600782784,88318,88318,0.0003482381689763337,0.00042983021706421987,88318,0.0019482670610492228,0.001961549549466035,88318,0.0033266075400986256,0.0037249424909627793,88318,0.006620751918227463,0.008546367841720137,88318,0.044998800464192426,0.03415300546448097,88318,0.06669944030272718,0.051744709840344405,88318,-0.04238305814142151,-0.03152364177062722,88318,-0.06076894460872519,-0.04499941711354627,0.0439474879627895,0.06418614440672457,0.33195950995267104,0.5144251454969542,0.08449013791073168,0.20163500079259042,0.25059444280894044,0.053986729771960416,0.4316673837722774,0.13872596752643856,0.023862109114042407,0.023862109114042407,0.022508645257940132,0.5885850178359097,0.022838758680145288,0.021486651301110927,0.5845308872657268,0.021816430574354118,0.020465677841250134,0.5805900005662193,0.019774835225363607,0.018426786304519337,0.5718815469112735,1.096620089686846,0.03590825833009176,0.3504974632943508,0.061522042410714295,0.2658730158730158,0.3412698412698413,0.0873015873015873
atr_pct_20,validation,5,0.043667563600782784,inf,94074,94074,0.0017254451887060316,0.0007342159737795395,94074,0.0072823737504716605,0.003937969582358702,94074,0.012788478240080947,0.00884208835478384,94074,0.026787905028999158,0.019543537925529653,94074,0.08749903624250435,0.05901474254205674,94074,0.1345099513692592,0.09152964349939952,94074,-0.06889836863926865,-0.04889946118206734,94074,-0.09555003696158938,-0.06840614827845293,0.07817113838577487,0.1165097002171694,0.5660650126496163,0.7163615876862895,0.28227778132108766,0.4622743797436061,0.438590896528265,0.14949933031443333,0.5958607054021302,0.23086081170142653,0.05360682333273681,0.05360682333273681,0.051104783309337695,0.65242949624228,0.05255374304954574,0.05005430109760656,0.6512070413402358,0.05150171479460952,0.04900460834496164,0.6499101761398063,0.04940080806993152,0.04690850583041419,0.6468062036928768,1.6184721973141658,0.05965848591156046,0.5678188380166747,0.09652861084452974,0.4380952380952381,0.5238095238095238,0.23809523809523808
lower_wick_ratio,train,1,-inf,0.0703517587939698,257929,257928,0.0004676644470969674,9.230203184340535e-05,257926,0.0012405137799192678,0.0005451076603822935,257925,0.0010716553066650175,0.0008567407135426919,257922,0.0035888301395313464,0.001877191581748594,257925,0.03876856535392282,0.024732142857142758,257922,0.057269140219701774,0.03723563869509139,257925,-0.03644413010885534,-0.023253442121366708,257922,-0.05256112380172982,-0.0344961754825166,0.0379093894736607,0.055173708270628945,0.24514490646505768,0.39018385403338995,0.07442085877677619,0.15372476950395855,0.18608510225840846,0.049560918871765045,0.3237800575367747,0.10576065632245407,0.00700778288693471,0.00700778288693471,0.005648748122468671,0.5479145062123983,0.0060012783563132555,0.004643566781975417,0.535942330697407,0.00499577932472306,0.0036394175336241976,0.5254517066198517,0.0029877917376854857,0.001634124084329031,0.5108790218590271,0.9732491897179225,0.026503397722025552,0.24686650766756366,0.04647276242994844,0.16269841269841268,0.2222222222222222,0.025974025974025976
lower_wick_ratio,train,2,0.0703517587939698,0.17318435754190148,257927,257927,0.00019553089207801526,0.0001325381047050378,257927,0.001102825015092469,0.0006851661527920161,257927,0.0008850156200764582,0.0007390983000739038,257927,0.002332512888729383,0.0010948405638431247,257927,0.03997754580726313,0.02552552552552534,257927,0.058695847389670895,0.03806262716490494,257927,-0.03810921420750872,-0.02490660024906588,257927,-0.055178657312779336,-0.03715967623252381,0.039213354145515585,0.057252082561445185,0.2553241808728826,0.39836077649877677,0.07879361214607233,0.15802533274918873,0.19366720040941818,0.052177554114148574,0.32854644918911163,0.11197354290167373,0.0073665493341075194,0.0073665493341075194,0.0060010632842398375,0.5407713819622466,0.0063596862163324275,0.004995564466340745,0.5338615707294337,0.005353828955817708,0.003989154351322015,0.5265594655480463,0.0033451259834724745,0.001983135085283076,0.5128913229239493,0.9852003753247511,0.027305052169137808,0.2531279373663506,0.047800341527537205,0.1722222222222222,0.23015873015873015,0.031746031746031744
lower_wick_ratio,train,3,0.17318435754190148,0.29464285714285443,257936,257936,-3.0698964372556474e-06,0.0,257936,0.000316387118941691,0.0003414134914861977,257936,0.0009371854889788179,0.0007290955885680406,257936,0.0022601888734373643,0.0014168964915580728,257936,0.03909446415483744,0.025015416829451964,257936,0.057637670179261705,0.037354840632698005,257936,-0.037891909991135855,-0.024848826344077868,257936,-0.05444069750386661,-0.036759050996085285,0.03901160489726597,0.0563325285743622,0.24654565473605855,0.3898292599714658,0.07492168599962781,0.15235562310030396,0.18689519880900687,0.051175485391725076,0.3214402022207059,0.1095581849761181,0.0072009361281784035,0.0072009361281784035,0.005845516536843052,0.540868484424765,0.006194238540843999,0.004840173798442026,0.5333100287423289,0.005188546645404912,0.0038347201264857236,0.5257088479763847,0.0031801739081058766,0.0018289527651833186,0.5118348481317486,0.9751352623291969,0.027011219248445534,0.2502066824454441,0.047607025942695835,0.1706349206349206,0.23015873015873015,0.031746031746031744
lower_wick_ratio,train,4,0.29464285714285443,0.46153846153845524,258030,258030,-1.1077886937705475e-06,0.0,258030,0.0007047828410513594,0.0005746025876376404,258030,0.0019984719889647356,0.0014762048049664633,258028,0.0033065266355203496,0.0021807287351681692,258030,0.03879943451954129,0.024922118380062308,258028,0.05721715220643906,0.03736000856020949,258030,-0.03683259303979069,-0.02408153132156532,258028,-0.05280583876610079,-0.035493599883634375,0.038369165811543655,0.055547788793122575,0.24395612913227144,0.38819042894569583,0.07401077394101462,0.15092160540716512,0.1854280510018215,0.04788978025810952,0.3206667493450323,0.10448478459702047,0.007847533632286963,0.007847533632286963,0.006509358281116055,0.5468288971022145,0.006840189770585647,0.005502880978947147,0.5386953753455291,0.005833852246408311,0.0044978789265629,0.5307753827996398,0.0038241901846531867,0.002490459252057286,0.5166591607913781,0.9632951577634866,0.026763217538220644,0.2480965773486714,0.04723807026994101,0.16825396825396824,0.23015873015873015,0.031746031746031744
lower_wick_ratio,train,5,0.46153846153845524,inf,257815,257814,0.00017637370319383255,0.00017210716766080658,257814,0.0011680386411503552,0.0006559312591096766,257813,0.0028893085567768895,0.0019226660969877685,257812,0.0038336606680894484,0.002411401307133243,257813,0.038170556824509275,0.0244565217391306,257812,0.05619803035762957,0.03668798543661045,257813,-0.03530327189804554,-0.022559716897670112,257812,-0.0508058673943645,-0.03328732937753265,0.03738476160191002,0.054091694108785844,0.24229965129764597,0.38339177385071294,0.07256810168610582,0.1484647727801654,0.18469976300652022,0.0452731243187892,0.3173320093711697,0.09884722200673358,0.007583074739465512,0.007583074739465512,0.006259659307021476,0.5515150102373432,0.00657599520449359,0.005253903084228275,0.540624963576815,0.005569921742983097,0.004247683710054422,0.5308188709006919,0.003560787015954636,0.0022398419230694982,0.5155347312066079,0.9457363946433275,0.026269492010776146,0.24365673016466594,0.0462982410616925,0.1611111111111111,0.21739130434782608,0.024793388429752067
lower_wick_ratio,validation,1,-inf,0.0703517587939698,78209,78209,-0.0003962006012839743,0.0,78209,0.0012176372820827438,0.000589622641509413,78209,0.003888192927696018,0.0012327416173569805,78209,0.0062741268208541204,0.0019271535941414175,78209,0.04179398644033993,0.024284373533552506,78209,0.06233981267890711,0.03635701275045533,78209,-0.03772836751159868,-0.02298456260720405,78209,-0.05367429270068526,-0.033975084937712396,0.038949590439978435,0.057553572442414706,0.25605748698998837,0.3915278292779603,0.08803334654579396,0.16944341444079325,0.19204950836860207,0.0562339372706466,0.3197969543147208,0.10680356480711939,0.006184012066364986,0.006184012066364986,0.004903908129676726,0.5548208027423192,0.005178330894884509,0.003899338813103216,0.5350208487887238,0.004173654399898918,0.0028959393208227856,0.523765061011486,0.0021673094233856105,0.0008910161816630753,0.5066895193266993,0.9089721542997236,0.026731476473769628,0.2638898023378212,0.04667905294353333,0.16825396825396824,0.2222222222222222,0.03968253968253968
lower_wick_ratio,validation,2,0.0703517587939698,0.17318435754190148,86299,86299,0.0004449819722615226,0.00013059945148241603,86299,0.0025524293374150336,0.0011978515952035806,86299,0.004576657627389745,0.0023729236917697794,86299,0.009211824594398638,0.004830917874396157,86299,0.043986751301545904,0.0259589041095889,86299,0.06639983228761064,0.03957037874505365,86299,-0.03858606541494875,-0.024295355299722154,86299,-0.05520714730109006,-0.03510895883777232,0.041174176224466584,0.061186189178226394,0.26803323329354917,0.41445439692232816,0.09518070893057858,0.18320026883277907,0.2051588083291811,0.05330305102028992,0.34419865815362866,0.10870346122203038,0.011144001393000202,0.011144001393000202,0.009848049806285588,0.5707842500695668,0.010133362710948335,0.008838706970413529,0.5622970967442723,0.009123733657949495,0.007830371815495198,0.554227344402189,0.007107498393427392,0.00581671601356744,0.5381342176050459,0.9323979243940604,0.027637186532838823,0.2715080817107142,0.0479087035136016,0.17698412698412697,0.23809523809523808,0.03968253968253968
lower_wick_ratio,validation,3,0.17318435754190148,0.29464285714285443,89322,89322,0.0008593608245211004,0.0002439173129382688,89322,0.0029496797585087994,0.0010768903914378791,89322,0.0047239278082339955,0.0023725965161027762,89322,0.009191114945002778,0.0047830013403729055,89322,0.04329247668438926,0.025581366433845565,89322,0.0648976705575357,0.038876668382784474,89322,-0.03787688437139095,-0.02376613099777325,89322,-0.054228816431107676,-0.03426791277258573,0.04113606222828815,0.06049918776571313,0.2689482994111193,0.41083943485367547,0.09407536777053806,0.17938469805870894,0.20422740198383377,0.05256263854369584,0.34075591679541434,0.10945791630281454,0.010542111760430406,0.010542111760430406,0.009285897984628859,0.5723519132538758,0.009532074667216617,0.008277112645771391,0.5637825970069003,0.00852304660206804,0.00726933319685222,0.5546307912895421,0.006508011513881695,0.005256778342260224,0.5377834035307824,0.9247345037500021,0.027452617825182775,0.2678231302249799,0.04753732985181741,0.17460317460317457,0.23015873015873015,0.03968253968253968
lower_wick_ratio,validation,4,0.29464285714285443,0.46153846153845524,92764,92764,0.0003224265711788899,0.00023239620360837598,92764,0.0018157363563675538,0.0007143176048881594,92764,0.0033447740333100487,0.001796783771576882,92764,0.008393288171731902,0.004897400805841667,92764,0.041242090724145676,0.024852836017426494,92764,0.06279767305117724,0.03780756671071395,92764,-0.03767961996656609,-0.023764600837526906,92764,-0.05379361288965837,-0.03392082318638695,0.040254483415592256,0.059140605486257575,0.255357681859342,0.40053253417273943,0.0841382432840326,0.17210340218188092,0.1943965331378552,0.05155017032469492,0.33280151783019274,0.10819930145314993,0.010374483466767837,0.010374483466767837,0.009074671008258558,0.5732282105762697,0.009364613918075526,0.008063502338602592,0.5629711919065543,0.008355753230070984,0.007055940043473202,0.5537819385873141,0.006341052395044233,0.005043824678300119,0.5368918321343443,0.9260273284230925,0.027094062312992998,0.264597207283504,0.047111450705475455,0.1722222222222222,0.23015873015873015,0.03968253968253968
lower_wick_ratio,validation,5,0.46153846153845524,inf,91905,91905,0.0007932845851179481,0.0002637304674624197,91905,0.0019075908176732134,0.0005632745024408692,91905,0.0027701730621013474,0.0011195596398749785,91905,0.00791186658434745,0.0039229063619306,91905,0.03973889125455643,0.023489841986455984,91905,0.060779495406669166,0.03619736049504407,91905,-0.03652541636433363,-0.022385512584407574,91905,-0.05165143031099325,-0.03187560738581152,0.03907071236432867,0.05664935039542711,0.24272890484739676,0.3860943365431696,0.08034383330613133,0.16555138458190524,0.1832762091289919,0.050965671073391,0.3216364724443719,0.10256242859474457,0.008597190186621972,0.008597190186621972,0.0073291073326310395,0.5694594153192879,0.0075890970430074756,0.006322281417709833,0.5527573629484458,0.006582010985450193,0.005316460768999619,0.5425227285099896,0.004570854098052468,0.00330782925396555,0.5251238499646143,0.8962200776634622,0.026449361097964974,0.2603136860266067,0.04647851878625325,0.16746031746031742,0.2222222222222222,0.03968253968253968
close_location,train,1,-inf,0.1744186046511695,257934,257934,0.0004050066556093581,9.048954919821384e-05,257934,0.0023204782969075454,0.0009893153937476917,257934,0.0023107197787725583,0.001142338786438435,257933,0.004559567575057658,0.0017562346329469403,257934,0.04114702484631185,0.026373626373626502,257933,0.060455813981194526,0.039612676056338,257934,-0.03787523556989884,-0.024348966565804375,257933,-0.05467508020360771,-0.03649635036496357,0.03965783674965099,0.05758901534100742,0.2683360859754821,0.4134058069343589,0.08424635759535384,0.16855152306994453,0.20602557243325811,0.05243977141439283,0.34527958811009063,0.10960210597325662,0.008276140492531336,0.008276140492531336,0.0069086215127127214,0.5494566969818225,0.007268368238166234,0.00590212411912844,0.5399891999829064,0.006261602749289663,0.004896724060139483,0.531104437719254,0.004251086039467333,0.002888035819561456,0.5176393804364294,0.9837651691763469,0.027497412008281555,0.25114018302628627,0.04733573307141298,0.16825396825396824,0.23015873015873015,0.031746031746031744
close_location,train,2,0.1744186046511695,0.39655172413793294,257931,257931,-7.637214903237392e-05,0.0,257931,0.0008461764006450202,0.0005074854097943948,257931,0.0020395469780843585,0.0012845215157353262,257929,0.0028983795026575007,0.0013803983435218825,257931,0.03998956274264166,0.025668449197860932,257929,0.0588499576295102,0.038297872340425476,257931,-0.03798272138892948,-0.024906266738082716,257929,-0.05449662641684929,-0.036846004787415954,0.03928556296663852,0.05676636018805928,0.25565364380396305,0.39954406057480935,0.07830388747378175,0.15861341687053415,0.1942224858586211,0.05149826891688087,0.33000554416137773,0.10888267701576791,0.007518796992481258,0.007518796992481258,0.006115804918588617,0.5429164044839078,0.00651178170313349,0.005109622916815406,0.5349538169925502,0.0055057724230658245,0.004105014355749221,0.5273213855679073,0.003496765866762841,0.0020977068762018337,0.5135402829243282,0.9706300873968051,0.02737842465753425,0.25269255423244996,0.04785704925580109,0.1722222222222222,0.23015873015873015,0.031746031746031744
close_location,train,3,0.39655172413793294,0.6339285714285736,257923,257923,-0.00010597525640574236,0.0,257923,0.0006017556497103308,0.00040469445568591667,257922,0.001833619831086822,0.0012413506818514941,257920,0.0032365305964367087,0.0019726737766891933,257922,0.03868523156293237,0.02477305900840343,257920,0.05705001989875808,0.03718120659122859,257922,-0.036766293701965054,-0.02398738595962563,257920,-0.05271765217693626,-0.03525284004941093,0.038134931048805214,0.055173735830676425,0.24392645838664404,0.38850418734491315,0.0738983103418863,0.14994571960297767,0.18471475872550616,0.048099813121796516,0.3200062034739454,0.1044238523573201,0.007338950801848432,0.007338950801848432,0.005915313005843732,0.5450340590460361,0.0063321152688131654,0.004909707721070676,0.5360223384713371,0.005326285565481204,0.0039045763542632467,0.5272920040544792,0.003317637624994818,0.0018987646179855556,0.5129498665983153,0.9514382789544154,0.026793982914448445,0.2500714015058396,0.04726733140573047,0.16825396825396824,0.23015873015873015,0.031746031746031744
close_location,train,4,0.6339285714285736,0.8447204968944099,257936,257934,0.0001533820723558433,0.00016944844531052716,257933,0.0007663776573805435,0.0005932370970931355,257932,0.0016632238399106527,0.0013867183207615374,257932,0.003433528757946237,0.0025974025974027093,257932,0.03853446407435073,0.024784808796514457,257932,0.05687506177227469,0.037174721189590976,257932,-0.036363513315970555,-0.02368048263196504,257932,-0.052125761642117296,-0.03475418572708677,0.037991484797920715,0.05508528140086001,0.24200564489865545,0.3862258269621451,0.07253462152815471,0.1484538560550843,0.1836414248716716,0.04717522447776933,0.3183087015182296,0.10251539165361413,0.008138040547015168,0.008138040547015168,0.006796803938038263,0.5493664397525562,0.007130406323579974,0.005790510424102913,0.5414522761957649,0.006123778727740503,0.004785215089185483,0.5332429819077095,0.004113537391138955,0.0027770007154927544,0.5187543929821019,0.9646866633855404,0.02658931022649278,0.2493999731449382,0.047194732907762604,0.16825396825396824,0.23015873015873015,0.031746031746031744
close_location,train,5,0.8447204968944099,inf,257913,257913,0.00045928334350724966,0.0002665245202557731,257912,-2.549402455560848e-06,0.0003957261574991655,257912,-6.602291950138318e-05,0.0007639419404126269,257911,0.0011932743237943759,0.001704303365999138,257912,0.036454356295853294,0.023265687488337683,257911,0.053787156447365356,0.03477921062915201,257912,-0.03559396082284202,-0.022727272727272707,257911,-0.0517779082726096,-0.033902439024390274,0.0368187848727148,0.05378392586362408,0.22334749837153758,0.3622761340152223,0.06573172244796675,0.13792742457669507,0.16816976333012812,0.04686482210986693,0.2981648708275335,0.1052029576094079,0.005983246908655815,0.005983246908655815,0.004682078490505954,0.5411242465668303,0.0049777664020005385,0.00367774245107244,0.5300169328279376,0.003973290371375837,0.0026745634776653517,0.5203543466103274,0.0019673457233915226,0.0006707603313053409,0.5049167339837196,0.9735691734634699,0.02567019374068553,0.23866347521469417,0.04579522290571039,0.15714285714285714,0.21428571428571427,0.023809523809523808
close_location,validation,1,-inf,0.1744186046511695,79455,79455,0.0012687612271567476,9.078529278250258e-05,79455,0.0031531003301940373,0.0008056394763342745,79455,0.0050242798067113275,0.0019312009656005102,79455,0.008406555967942497,0.0037093399277154937,79455,0.0444915840126767,0.02604880723882652,79455,0.06576127961243926,0.038963730569948174,79455,-0.037751121737617806,-0.024022038567493187,79455,-0.05456533720208075,-0.03466572338167673,0.04138673561181106,0.06057434285163029,0.27389088163111197,0.4110125228116544,0.10151658171291926,0.1863193002328362,0.2128374551633,0.04961298848404758,0.3427348813793971,0.10685293562393808,0.00984486873508339,0.00984486873508339,0.008577964653375592,0.569687200926812,0.008835528536447868,0.007567078163847763,0.5547650229184506,0.007827196669678793,0.006560011620108833,0.5456354203394953,0.005813551893825597,0.004546170513850197,0.5299325039036922,0.9170174514210239,0.027370591502940397,0.26980062926731957,0.04736832309448363,0.1738095238095238,0.23015873015873015,0.03968253968253968
close_location,validation,2,0.1744186046511695,0.39655172413793294,90116,90116,0.0012365451396020607,0.00037223154090415544,90116,0.003778658533977103,0.0014824124840145947,90116,0.006043909146798069,0.002921611309083527,90116,0.009591077247697422,0.005375312158173773,90116,0.04483213406294335,0.026823705207940085,90116,0.06639438551994027,0.0404663076066023,90116,-0.0376457634777648,-0.02406721388302291,90116,-0.0547452170879353,-0.034689106002117054,0.04202163812335914,0.06178918379855448,0.28351236184473344,0.42478583159483335,0.10034843978871677,0.19075413910959207,0.21727551156287453,0.049225442762661456,0.3552643259798482,0.11045763238492609,0.012126425117869655,0.012126425117869655,0.010785074321010555,0.5789444469114969,0.011114804503059239,0.009774795617239564,0.5697078023002797,0.010104194498253616,0.008764611741783564,0.5613703983302989,0.008086000267099713,0.006749094914332645,0.5448843199076335,0.9352677378213816,0.02784387645722943,0.2710551053509424,0.04797883267952141,0.17777777777777776,0.23809523809523808,0.03968253968253968
close_location,validation,3,0.39655172413793294,0.6339285714285736,92461,92461,-0.00012493546749434733,0.0,92461,0.002754816803621399,0.0010659086871558365,92461,0.004964665211596006,0.002159827213822796,92461,0.008637171848885064,0.004095004095004073,92461,0.04315992954195422,0.025768087215064295,92461,0.06529982583751326,0.0387180437198964,92461,-0.037513172301298844,-0.023603136169722094,92461,-0.05398875220011664,-0.03422526446795271,0.04084925402601786,0.060201809979391126,0.27050323920355607,0.4110814289267908,0.09068688419982479,0.1790809097889921,0.20539470695752804,0.05067001222136901,0.3413655487178378,0.1052551886741437,0.010025062656641603,0.010025062656641603,0.00873476245641748,0.5709880216843222,0.009015542354136485,0.007726532872320779,0.559193654847052,0.008007030563421669,0.006719310096914339,0.5492171353755262,0.0059930264783714104,0.00470787894584961,0.533105381044613,0.9249231690298828,0.027607826086956513,0.26960889320921444,0.048019399748331026,0.17777777777777776,0.23809523809523808,0.03968253968253968
close_location,validation,4,0.6339285714285736,0.8447204968944099,91204,91204,7.693873917256106e-05,0.000254205357692161,91204,0.0011401963326592472,0.0006569244628572557,91204,0.002599112666212376,0.0017124373760771805,91204,0.0076315445449982085,0.004171817456486315,91204,0.04097699359630693,0.024450693488052844,91204,0.06257468006600776,0.03715089256082316,91204,-0.038284078461357916,-0.023221019158569334,91204,-0.053964265020801504,-0.03382630430173156,0.03971053073368151,0.058273244268306615,0.24645848866277795,0.39366694443226175,0.08160826279549142,0.16680189465374326,0.18429016271216175,0.05856102802508662,0.324108591728433,0.11140958729880268,0.009005342035172115,0.009005342035172115,0.007757167657580994,0.565941480433137,0.007996840943682804,0.006749914993243843,0.5555409274923477,0.006989347345791264,0.0057436681624994145,0.5462703924343657,0.004977376597906091,0.0037324824773031337,0.528650890300497,0.916079680784612,0.02713294601237711,0.2672357001231565,0.04740127204900657,0.1738095238095238,0.23015873015873015,0.03968253968253968
close_location,validation,5,0.8447204968944099,inf,85263,85263,-0.00024296723550968174,0.0,85263,-0.00031696130271150727,0.000201369311316979,85263,0.0005386423208196398,0.0006039863096436449,85263,0.006866834735237631,0.002880740970335527,85263,0.036435333883310404,0.021387976581465074,85263,0.05701017908798551,0.033644237175216585,85263,-0.03710740839471435,-0.02233035595253985,85263,-0.05114265763851024,-0.03171641791044777,0.036649985125821134,0.05413484619178994,0.2155213867680002,0.3621031396971723,0.06748531015798177,0.14660520976273414,0.15896696104992786,0.05576862179374406,0.29572030071660627,0.10129833573765877,0.006446601941747732,0.006446601941747732,0.0052070604890088875,0.5563666236357235,0.005440658311621327,0.004202354972944956,0.5390564487736181,0.004435719620185852,0.0031986526052648267,0.5280014082854125,0.002428851035792823,0.0011923778658404524,0.5096467550756953,0.8954800222107647,0.025272983444874983,0.2506145245463312,0.04485245016026329,0.15555555555555553,0.20634920634920634,0.031746031746031744
volume_contraction,train,1,-inf,0.781135673925106,258002,258001,0.000355349121300954,0.0001920122887866249,258001,0.0014906617346735975,0.0011621994624828602,258001,0.0019754105211942504,0.0014957620076450073,258001,0.002379369102679988,0.0012104539202200115,258001,0.03904356909210077,0.025030293850348384,258001,0.05807875707103322,0.03714443523888433,258001,-0.03602009214780908,-0.02290909090909088,258001,-0.05325696138307609,-0.03514244125597843,0.03840383677727293,0.05688904658800734,0.24869671047786637,0.39131631272747003,0.07535629706861602,0.1570459029228569,0.1879992713206538,0.047809892209720116,0.3228592137239778,0.10961197824814632,0.006677796327211993,0.006677796327211993,0.005259804387813118,0.5396757067011049,0.005671621618239531,0.004254915679512003,0.5310894191651833,0.004666452078806227,0.0032511595048561985,0.5225574261303921,0.002659122489578447,0.0012447398106208922,0.5081499924375517,0.9884088587726598,0.028414351442222617,0.2700002058436284,0.04936182942288944,0.18412698412698408,0.24603174603174602,0.03968253968253968
volume_contraction,train,2,0.781135673925106,0.9056427204001073,258002,258002,0.00022369998547343566,0.00016397474899099151,258002,0.001010356385292014,0.0006009615384614531,258002,0.0014693254132836892,0.00102939742215169,257998,0.002320891410582135,0.0015634597568654485,258002,0.03712024105006401,0.024198969303159235,257998,0.0551098052544787,0.036417231091082636,258002,-0.035318186926198696,-0.023278370514064006,257998,-0.05177401074808459,-0.03510193144782031,0.03690224122296868,0.05412769519397355,0.23373849815117712,0.3803324056775634,0.06806536383438888,0.14579570384266544,0.1779017216920799,0.04374384694692289,0.3156070977294398,0.1013031108768285,0.006990881458966536,0.006990881458966536,0.005655594109447516,0.5425998874507597,0.005984393821326428,0.004650438348675883,0.5340616692216638,0.004978911665841856,0.0036442240243645704,0.5256437622494324,0.0029709577804877263,0.0016387959965226183,0.5112762695748355,0.9623313482030214,0.026242175324305776,0.24546213855233442,0.046993307396252515,0.16587301587301587,0.2222222222222222,0.031746031746031744
volume_contraction,train,3,0.9056427204001073,1.0259136641897013,258002,258002,9.428200706680271e-05,0.0,258002,0.0005293493133457664,0.00033862433923104174,258001,0.0011643815731528547,0.0007581501137225999,258000,0.0028692863215763233,0.0019029972218156388,258001,0.03729137186948641,0.024031007751937894,258000,0.05546267422846432,0.036410865494293065,258001,-0.03607173468810721,-0.023761936486786595,258000,-0.05213991050090325,-0.03523232129155529,0.037288861822759145,0.05448080664149054,0.23544482385727186,0.38106589147286823,0.0694648470354766,0.1466705426356589,0.17987914775524125,0.04583703163941225,0.31586821705426354,0.10182945736434108,0.007128245749435602,0.007128245749435602,0.00578856397132444,0.5447751623471255,0.006121620816152973,0.004782616488341094,0.5354909664657488,0.005116001502184053,0.0037783345555647556,0.5269062914126046,0.0031077737105156267,0.001772775983256775,0.5120958809881898,0.9578900578628342,0.025699933339681947,0.23851291066127622,0.04614311283096534,0.1595238095238095,0.21428571428571427,0.023809523809523808
volume_contraction,train,4,1.0259136641897013,1.1954624515982923,258002,258002,5.444936375745708e-05,0.0,258001,0.00047383629104113785,0.00026532236667553555,258000,0.001246693545350345,0.000914338036817619,257999,0.00331522533764627,0.0020267531414672746,258000,0.038467326086703425,0.024705882352941355,257999,0.05674726779902724,0.03730017761989335,258000,-0.037134337069204354,-0.0242799142922826,257999,-0.05303706802761296,-0.035430988894764814,0.03815382640064268,0.05517608708980681,0.24369767441860465,0.3879084802654274,0.07297286821705426,0.14934941608300809,0.18549612403100776,0.04905426356589147,0.3212725630719499,0.10560506048473056,0.007522837184309461,0.007522837184309461,0.006171643301982276,0.5468250236097455,0.006515817856789008,0.0051643134290983075,0.5375114648592348,0.0055098045425825415,0.004159206317386667,0.5289069908436582,0.003500789930080739,0.002152177685132424,0.5148304755390427,0.9563184140440684,0.025860082485283417,0.23755962205855996,0.04588574592403866,0.15714285714285714,0.21428571428571427,0.023809523809523808
volume_contraction,train,5,1.1954624515982923,inf,258002,258001,0.00011010122383129059,0.0,258000,0.0010198111659391108,0.0004927827856624489,258000,0.0019210517185869556,0.001531065385592112,258000,0.004462488891273067,0.002466193152692364,258000,0.04286240211980808,0.026808137723470793,258000,0.061595030766731375,0.03948070625443589,258000,-0.04001674047543932,-0.025411764705882356,258000,-0.0555439578354483,-0.03637494737367314,0.041110645892881305,0.057686284501051475,0.2715232558139535,0.4092093023255814,0.08878294573643411,0.16455426356589148,0.20531782945736435,0.059612403100775195,0.33601162790697675,0.11218217054263566,0.008725051908777481,0.008725051908777481,0.007343979225753397,0.5539457184674454,0.00771683096733955,0.0063371378877898465,0.5441508174064282,0.006709617239629262,0.005330612213101764,0.5351207183703893,0.00469820539417154,0.0033219541128029976,0.5212378146073304,0.9789596933660198,0.02785973885290556,0.25431162805723917,0.047248137113273414,0.16825396825396824,0.23015873015873015,0.031746031746031744
volume_contraction,validation,1,-inf,0.781135673925106,88152,88152,0.000637110229126579,0.00036388781603857723,88152,0.0028683376076433474,0.0017478428292012627,88152,0.003999521598156496,0.0023716575380891003,88152,0.0098357737758866,0.00479551803284517,88152,0.04440972574656312,0.026993303584402994,88152,0.06997675308044357,0.041648740009042395,88152,-0.0387716464779272,-0.02349569311628591,88152,-0.05719667140761007,-0.03483337111766027,0.04220351356776559,0.0649817369594105,0.27860967419911065,0.43470369362011074,0.09321399401034576,0.19178237589617933,0.21141891278700425,0.057877302840548144,0.36489245848080587,0.11924857065069426,0.012847570501538397,0.012847570501538397,0.011514931632991674,0.5790614537819895,0.011835229101736955,0.010503923719140794,0.5689383192418997,0.010823899032005091,0.009493925387898944,0.5608920161153038,0.008804266826881513,0.007474764560544783,0.5462180105543891,0.9715824596623457,0.031070531400966193,0.2961013162219658,0.05142853295515287,0.20158730158730157,0.2619047619047619,0.05555555555555555
volume_contraction,validation,2,0.781135673925106,0.9056427204001073,88070,88070,0.00015384454063620262,0.00012572395795518165,88070,0.0008427278166600552,0.000409612922918523,88070,0.0025113055683765773,0.0013425569082061717,88070,0.00561179207666332,0.002581452352566682,88070,0.03835239067970693,0.023486738844060384,88070,0.05832164991822816,0.035616158763754235,88070,-0.036481461872831585,-0.02291787761156855,88070,-0.05284128039264525,-0.033647651642384035,0.03798887104364108,0.055883664828396726,0.2384012717156807,0.3797206767344158,0.07467923242874985,0.1580901555580788,0.17974338594299988,0.05000567730214602,0.3149313046440332,0.1060406494833655,0.007082888805163057,0.007082888805163057,0.005817331764070021,0.5536976030898557,0.0060763092061575374,0.004812017280657056,0.5410655458366466,0.005070735181176844,0.003807706682112181,0.5310916732931955,0.0030625978318888913,0.0018015469794401637,0.5142792229921618,0.9094824295641146,0.026324525077236566,0.26220797007683594,0.04695355746557711,0.1706349206349206,0.23015873015873015,0.03968253968253968
volume_contraction,validation,3,0.9056427204001073,1.0259136641897013,86587,86587,0.00022010956457867492,9.852216748762466e-05,86587,0.0014133646708602795,0.00039999999999995595,86587,0.0030895015037522037,0.0013386880856760541,86587,0.005506459499213803,0.0027467137531882457,86587,0.03814826328457666,0.022820512820512784,86587,0.05692626152575167,0.03445854441490703,86587,-0.03532535117415315,-0.022439024390243922,86587,-0.05074157016619689,-0.03260328521652567,0.03719767265680235,0.054181004246649685,0.23391502188550245,0.3690276831395013,0.07469943525009529,0.15039209119151836,0.17660849781144974,0.047027844826590594,0.3024241514315082,0.09924122558813679,0.006748466257668673,0.006748466257668673,0.005455343368254845,0.5537869330004161,0.0057422209140829406,0.004449906794278789,0.5405742821473158,0.004736980810600588,0.0034459580480650643,0.5302630970546076,0.002729510304544158,0.001441065134175819,0.5118023766588061,0.8820800460827642,0.024770826759230032,0.24930326369392813,0.044989615085768875,0.15555555555555553,0.20634920634920634,0.031746031746031744
volume_contraction,validation,4,1.0259136641897013,1.1954624515982923,85481,85481,0.00017852756685540704,0.0,85481,0.0018275808504884313,0.0006006006006007425,85481,0.003843702662416736,0.001876563803169251,85481,0.00665282446555915,0.0035874439461882623,85481,0.039999177337236014,0.023825887743413432,85481,0.0590214198265247,0.03592743362831863,85481,-0.036000138641355116,-0.022551308046090734,85481,-0.050968122841348766,-0.032258064516129115,0.03825511541275844,0.05523462638348303,0.244931622231841,0.38194452568407017,0.08369111264491524,0.16296018998373907,0.18587756343514933,0.04757782431183538,0.31605853932452826,0.09898106011862286,0.00826019617965934,0.00826019617965934,0.006941625528569495,0.5650336552531461,0.007252439861638926,0.005934751414362931,0.5506233538191396,0.006245690293186668,0.004929317715070953,0.5402985074626866,0.004235205376547091,0.0029212622263541767,0.5225285338015804,0.878292544351736,0.02482527660695466,0.24876652952362002,0.044494398525813106,0.15317460317460316,0.20634920634920634,0.031746031746031744
volume_contraction,validation,5,1.1954624515982923,inf,90223,90223,0.0009208369676557706,0.00010927767457102888,90223,0.003513644883558004,0.0008659192416371475,90223,0.0057193669192146575,0.0018844221105527303,90223,0.013364817289371212,0.006825210621734135,90223,0.0487140127340571,0.02730251183108856,90223,0.07243669582089361,0.04166666666666652,90223,-0.04155830840442804,-0.025974025974025983,90223,-0.05649620501851819,-0.03589743589743588,0.0448000516680647,0.06445466552923867,0.29294082440176006,0.43631889872870555,0.11389556986577702,0.20489232235682697,0.22385644458730036,0.06111523669130931,0.36005231481994615,0.11160125466898685,0.013238770685579215,0.013238770685579215,0.011937050843314676,0.5900110864745011,0.012226038281096141,0.010925620507028552,0.577239467849224,0.01121431759729652,0.00991446264841991,0.5681042128603104,0.00919390533354103,0.007896646782528605,0.5514190687361419,0.9368955036549487,0.029100875386212643,0.27849357899964544,0.04822799719085699,0.17857142857142855,0.23809523809523808,0.03968253968253968
decline_acceleration,train,1,-inf,-0.03830874984771077,258002,258002,8.223006583504938e-05,0.0,258002,0.00210736922655404,0.0013579204420144375,258002,0.004308635209062212,0.002876308746333156,258001,0.0057488838247566915,0.00330087473180396,258002,0.05242857605303497,0.034677492097540896,258001,0.07693154982807925,0.05119453924914663,258002,-0.04731482815771584,-0.032812663627795446,258001,-0.06764998924722687,-0.047737857618097124,0.04989558925034468,0.07248376787855601,0.3538344663994853,0.5091685691140732,0.12779745893442687,0.23661536195596142,0.27116456461577815,0.07713118502957342,0.4226456486602765,0.1554180022558052,0.0196281139889386,0.0196281139889386,0.01810619399998821,0.5702826228896558,0.018608995434227005,0.017087314782083158,0.5662467985215874,0.017590894979969685,0.016067579313018353,0.562169893083252,0.015557742276407938,0.014037473644338373,0.554093811576235,1.1575302440721669,0.035591445558612114,0.3283035315397982,0.06082582931699809,0.26057692307692304,0.3412698412698413,0.07936507936507936
decline_acceleration,train,2,-0.03830874984771077,-0.009606320027245261,258002,258002,0.0003414660099654569,0.0003827446492140618,258002,0.0009132512893702259,0.0011477163686502978,258002,0.00190228164692585,0.002114628212289915,258002,0.003417012056765053,0.00325148322675195,258002,0.03323237280106669,0.022736625514403253,258002,0.049147761326105356,0.03404561418895913,258002,-0.031604952864343956,-0.021182659783503255,258002,-0.04586129814705893,-0.03156607763866354,0.033113732488119614,0.04816581950688252,0.19942093472143627,0.34634227641646187,0.04827481957504205,0.11314640971775412,0.15090580693172922,0.031298206990643486,0.2867574669963799,0.07827071107975907,0.007201893659195657,0.007201893659195657,0.005899082362357121,0.5449705886917788,0.006195195114808816,0.00489368609984275,0.5375789604382983,0.0051895022632733045,0.00388929379959243,0.5295160714562865,0.0031811276166439084,0.0018819356536245754,0.5143176421287889,0.9015297372579929,0.02343999445436401,0.2206155826577783,0.04257124013633243,0.1333333333333333,0.18253968253968253,0.015873015873015872
decline_acceleration,train,3,-0.009606320027245261,0.009127713816843614,258002,258001,0.0003056214410822721,0.0,257999,0.0003357434279635401,0.00020259319286863864,257997,0.0007449356813364281,0.0005921831819977186,257992,0.0017489647480816927,0.0007056807460120718,257997,0.025920830341493634,0.015576323987538832,257992,0.03830330008088903,0.023540647629852085,257997,-0.025325057029358854,-0.014853534830762904,257992,-0.03693315007128549,-0.022171878831634573,0.026370335216010586,0.03829129255749589,0.1436838412849762,0.25634128190021394,0.03292673945821076,0.07918462587987224,0.10795086764574782,0.022310336941902424,0.21141740829172997,0.05704052838847716,0.0016835016835017313,0.0016835016835017313,0.00048521250525050355,0.509905043520103,0.0006823187732734048,-0.0005147760280207944,0.4874018711898082,-0.0003178639542273931,-0.00151397874599034,0.4683640088941664,-0.002315234850164938,-0.003508979010819115,0.4433656581178671,0.7483873739510025,0.019313444401394795,0.18343470889352598,0.03547814925008652,0.08333333333333333,0.11904761904761904,0.0
decline_acceleration,train,4,0.009127713816843614,0.03841232956671146,258002,258002,0.0001751184908635754,0.00023866353886414782,258002,0.0006172501172584645,0.0007197820090887319,258002,0.0004505602110287418,0.0011183677566548589,258002,0.0017307390216052434,0.0017237665096792032,258002,0.03287162153725244,0.022295448874021684,258002,0.048559906993858856,0.033500687481357594,258002,-0.03223877305848239,-0.021717281510759745,258002,-0.0469115299889183,-0.03280003130655473,0.03307719101340414,0.048285282665937616,0.19640933016023132,0.33954775544375626,0.04728257920481237,0.11045650808908458,0.1475143603537957,0.032367966139797366,0.2802226339330703,0.08062340602010837,0.005885031340722602,0.005885031340722602,0.004560175643125356,0.5340300523121343,0.004879649000552155,0.003556116031324969,0.5266023501653188,0.0038752710383437305,0.002553058839465171,0.5190232998556371,0.0018695222335740613,0.0005495580457745733,0.5041911798947548,0.9010597863571332,0.02369033908905206,0.22189641552602726,0.04253267873756034,0.1333333333333333,0.18253968253968253,0.015873015873015872
decline_acceleration,train,5,0.03841232956671146,inf,258002,258001,-6.655518376731647e-05,0.0,258001,0.0005503913466656581,0.0005717552887365418,258001,0.0003704291699848671,0.001001393242772597,258001,0.0027016213663149198,0.003004506760140302,258001,0.05033128057637204,0.033152042124224845,258001,0.07405043991775209,0.049797898140663044,258001,-0.04807727984408156,-0.03265453606917024,258001,-0.06839543928089772,-0.04765053128689489,0.04940235884943,0.07113322743921702,0.3397506211216236,0.4984283006655013,0.1183600063565645,0.22401075964821843,0.25905713543745956,0.08294929089422134,0.4105720520463099,0.15917767760590076,0.018038331454340417,0.018038331454340417,0.016571070854073125,0.5686965645888388,0.017020801887669634,0.015553697929230444,0.5645538628944505,0.01600428883405214,0.014538082319964955,0.5601546712264884,0.013974306179073581,0.012510581377721739,0.5517332504274833,1.1599466383355157,0.03536885605917624,0.3265489573649788,0.05917103364390941,0.24999999999999997,0.3253968253968254,0.07142857142857142
decline_acceleration,validation,1,-inf,-0.03830874984771077,88867,88867,0.001193895679981999,0.0008450704225353434,88867,0.006974389599036186,0.0031917752990189285,88867,0.008712810566241267,0.00496909465519324,88867,0.016847354136034654,0.011111111111111072,88867,0.05996425716756432,0.03738333473471789,88867,0.0895877386040416,0.056254639336844825,88867,-0.04906190823396187,-0.03255069370330843,88867,-0.06809638274633127,-0.0452548173182058,0.05514218241652932,0.0790054014632758,0.38836688534551633,0.5430024643568478,0.15908042355430024,0.28092542788661706,0.30337470602135774,0.08106496224695331,0.45475823421517547,0.14547582342151755,0.029256489221293425,0.029256489221293425,0.02785572650902861,0.6127336777301324,0.02822774710313114,0.02682838789406265,0.6085356383158321,0.027200032699372878,0.025802079489188286,0.6042250509279581,0.025147680881088652,0.02375253263103908,0.595457563786564,1.1714501910662969,0.03686543366334377,0.3539697713733153,0.061603671249124636,0.26666666666666666,0.3412698412698413,0.0873015873015873
decline_acceleration,validation,2,-0.03830874984771077,-0.009606320027245261,87525,87525,0.000798596800548692,0.0005376344086021057,87525,0.002564693310737216,0.0019300879262276194,87525,0.0031618626554756543,0.002758820967039277,87525,0.006173371102801458,0.006170458927882816,87525,0.03548838512661091,0.023162134944612278,87525,0.052693300037484715,0.03470490440565266,87525,-0.03195509040657118,-0.020668108627733717,87525,-0.04674146177623028,-0.0300751879699247,0.034589895776283616,0.05077904710464363,0.21408740359897172,0.356675235646958,0.05892030848329049,0.13039702942016568,0.16183947443587546,0.03538417594972865,0.296989431590974,0.08782633533276207,0.010243643635473143,0.010243643635473143,0.00899889422681101,0.571306058041942,0.009233904861224884,0.00798811493586311,0.563256111784481,0.008225174817020786,0.00697833114916271,0.5557550254991196,0.0062107348784452565,0.004966380577964776,0.5387861046950396,0.8468531117528055,0.02351168762261209,0.23421627786783836,0.04231241960002219,0.13730158730158729,0.18253968253968253,0.023809523809523808
decline_acceleration,validation,3,-0.009606320027245261,0.009127713816843614,91185,91185,0.0002262970536246651,0.0,91185,0.00015429657705395006,0.00030015007503747526,91185,0.0012036957284249378,0.0007795751315533561,91185,0.0026467441762454513,0.001529219006007665,91185,0.0257548589677696,0.0142073971121921,91185,0.0387238149024619,0.021502101480173064,91185,-0.025083891619834837,-0.0140826704915894,91185,-0.03704621337530249,-0.02073675310033818,0.025970555968457466,0.03869680928760605,0.14332401162471897,0.24887865328727313,0.036343696879969294,0.08459724735427976,0.10704611504085101,0.025684048911553434,0.20557109173657948,0.06484619180786313,0.001976675232259195,0.001976675232259195,0.0008449151007130469,0.5318964476586592,0.0009751992949955657,-0.00015543033475898233,0.4944964498534947,-2.5276166806142975e-05,-0.0011555403213795554,0.47215302393468167,-0.0020232316548955964,-0.0031515530636067545,0.4407120046530514,0.6417130493943717,0.018468144971420006,0.18353916949979654,0.0343839157439817,0.08015873015873015,0.1111111111111111,0.0
decline_acceleration,validation,4,0.009127713816843614,0.03841232956671146,83586,83586,0.00018449027188778005,0.0,83586,0.00016250693767022392,0.000463374169855868,83586,0.002299433604023986,0.001984201728990942,83586,0.004045756201707921,0.002645364572195663,83586,0.03419365563324689,0.021810998166980067,83586,0.051858017934229624,0.03312794102210781,83586,-0.03265936349949984,-0.021501486006271386,83586,-0.047944699422243685,-0.031521569123815096,0.03386611642853702,0.050686176303557054,0.205345392769124,0.3467805613380231,0.05486564735721293,0.1251764649582466,0.15268107099275,0.03550833871701003,0.287739573612806,0.08828033402722944,0.006316185810431252,0.006316185810431252,0.0050337138084632195,0.5410385660747854,0.005310372531260543,0.004027672589796231,0.5330763059902537,0.004305564060560263,0.00302414444026725,0.5248147128198374,0.0022989555277549423,0.0010200909073417098,0.5081358732743447,0.8358781340603268,0.023698572628043653,0.23750439263962375,0.04247423184305915,0.13888888888888887,0.18253968253968253,0.023809523809523808
decline_acceleration,validation,5,0.03841232956671146,inf,87350,87350,-0.00028550850494124476,0.0,87350,0.0005811340878909033,0.00014557446423646425,87350,0.0038104905224763774,0.0019461892359153854,87350,0.01139731418219727,0.006314028193709187,87350,0.05458965825312381,0.03262789860344961,87350,0.08443856492933945,0.05138388327550203,87350,-0.04971134193780008,-0.032548547543202855,87350,-0.06886346642305788,-0.04623922135251973,0.0511993149285755,0.07610174060043712,0.3399313108185461,0.5103262736119061,0.13163136805953063,0.24856325128792214,0.25411562678878075,0.08641099026903262,0.41656554092730397,0.14959358900973097,0.019880614275483044,0.019880614275483044,0.01853355394302705,0.5851301370647307,0.018861243346672163,0.01751189129809269,0.5807788757714901,0.017842890770437325,0.016494889698993466,0.5759695869736978,0.0158092345777765,0.014463929896612911,0.5659845873744719,1.162446575735427,0.036566350710900454,0.35522837089618897,0.06062288158772722,0.25952380952380955,0.3333333333333333,0.0873015873015873
rebound_from_low_5,train,1,-inf,0.008750165905409186,258002,258001,0.00020958070250728426,0.0,257999,0.000682047660722291,0.00019755037534574527,257997,0.0010630634242357595,0.0003531696980398902,257992,0.001930738493084775,9.790007243892784e-05,257997,0.027436970422348425,0.016094088517486727,257992,0.04046651484907319,0.024321088316759165,257997,-0.026424609407018306,-0.015841247204485764,257992,-0.038599779571756386,-0.02395032092364313,0.02731566461583805,0.03967771393799815,0.16083520351011835,0.27425269000589164,0.03892293321240169,0.0902896213836088,0.12266809303984155,0.023457637104307413,0.22901485317374182,0.05874988371732457,0.0013786473584088688,0.0013786473584088688,9.067188023391982e-05,0.5018317150596472,0.00037776915015474977,-0.000909551930503546,0.47973471177653076,-0.000622109179769792,-0.0019099948376434727,0.46090142113147214,-0.0026188721919240265,-0.0039041918942053474,0.4373064474817799,0.7710525672947283,0.01958325494893324,0.18067394846900475,0.03498710638249414,0.08015873015873015,0.1111111111111111,0.0
rebound_from_low_5,train,2,0.008750165905409186,0.01999773765563584,258002,258002,0.0002812635042609345,0.0003741114852224836,258002,0.0014755623295434422,0.0013633885198770512,258002,0.00224384115621681,0.002051211926775931,258002,0.0029695007897726,0.0025206883393513735,258002,0.032926045993754996,0.022069589638604725,258002,0.0481093311197141,0.03290616643974109,258002,-0.030692914644861877,-0.02029198886594874,258002,-0.04458573135598687,-0.030491108516930376,0.03254883448662929,0.04691250593294084,0.19690157440639994,0.33479585429570313,0.04778645126781963,0.10896039565584763,0.1491926419175045,0.028802102309284424,0.27718002186029567,0.07335602049596515,0.006388218816241409,0.006388218816241409,0.005046739036541308,0.5409590487130926,0.005382333540063455,0.004041447716535163,0.5330458877953367,0.004377453144280952,0.0030377044996034728,0.5247679220093763,0.002370700976655704,0.001032864548690342,0.5085108199571549,0.8782322336537144,0.022765024049907785,0.21366989940250913,0.0408923917907274,0.1222222222222222,0.16666666666666666,0.007936507936507936
rebound_from_low_5,train,3,0.01999773765563584,0.03472222222222219,258005,258005,0.0002943648305061182,0.000444576170717248,258005,0.0015481570598875408,0.0016432353478181838,258005,0.0021092405937041,0.0026396832380113366,258005,0.003006474216584425,0.003420214647953612,258005,0.03556255842608806,0.024415853859096392,258005,0.05204984867449245,0.036308623298033416,258005,-0.03336366640189414,-0.022346368715083775,258005,-0.04843838661887288,-0.03345127050498542,0.035138346356062854,0.05092078341975067,0.2198678320187593,0.3689540900370148,0.05613457103544505,0.12366814596616345,0.16763241022460806,0.03538303521249588,0.3058119028700994,0.08683165054940796,0.008837268021714362,0.008837268021714362,0.0075327670727967705,0.5513752066885582,0.007828934920243391,0.006525515188187749,0.544796106104008,0.006821609144548324,0.005517597333928441,0.5380656279838841,0.004809973538593804,0.0035085645233272544,0.523987517175528,0.9281086469031082,0.024797592997811826,0.23255690124288753,0.04440676915335623,0.1468253968253968,0.1984126984126984,0.023809523809523808
rebound_from_low_5,train,4,0.03472222222222219,0.06019964350010634,257999,257999,0.00010337647376197313,0.0002520161290322509,257999,0.0011104025018199488,0.0011799410029498247,257999,0.001723792684873761,0.0023428886438809915,257999,0.003521987669243139,0.00427350427350448,257999,0.040167413394943965,0.027454703694912652,257999,0.05932094045191089,0.04144144144144146,257999,-0.03828204052659407,-0.026276722090261218,257999,-0.055232400455217,-0.03875924545610909,0.039776321989413645,0.05819121876249412,0.26281497215105487,0.4225171415393083,0.07429873759200617,0.15887270880894888,0.1991596866654522,0.04903507377935573,0.3500556203706216,0.11341129229183058,0.012145748987854255,0.012145748987854255,0.010785766015437927,0.5609995575805087,0.011134109058831054,0.00977548658327609,0.5555158844120865,0.010123479759107434,0.00876621599551131,0.5497760736434409,0.008105246995886661,0.006749059814553766,0.5387893229429435,1.0154198184428398,0.028582407407407383,0.26693246518986236,0.050468026154876555,0.19047619047619047,0.25396825396825395,0.03968253968253968
rebound_from_low_5,train,5,0.06019964350010634,inf,258002,258001,-5.0707218657197337e-05,-0.00022222222222212373,258001,-0.0002921684732393471,-0.0008832698302736475,258001,0.0006369067754594556,0.0,258000,0.003918530510901895,0.002678870443019843,258001,0.05869180840372182,0.037869822485207205,258000,0.08704658102079384,0.05707481630052791,258001,-0.05579776839669934,-0.03914813654870031,258000,-0.07889533661388538,-0.05663070000283965,0.057080141377707866,0.08265739037033358,0.39268064852461815,0.5493100775193799,0.15749938953724985,0.28162403100775196,0.29794070565617964,0.10937942100999609,0.44955426356589145,0.19818217054263565,0.02415390096188119,0.02415390096188119,0.02253230255459047,0.5727145063349244,0.023130258881959298,0.021510096741002033,0.5692857087284977,0.02210763942149785,0.02048910026705858,0.5657107513245626,0.02006546223548633,0.018450162443953158,0.5591015536866019,1.3040032819766794,0.04175941847694395,0.40525179709019626,0.07214116884028654,0.32857142857142857,0.4126984126984127,0.12698412698412698
rebound_from_low_5,validation,1,-inf,0.008750165905409186,84317,84317,-6.376845291684681e-05,0.0,84317,0.0015588657683711284,0.00039999999999995595,84317,0.002027748109744812,0.0007987220447285281,84317,0.003853928040484546,0.0017985611510793476,84317,0.026421432717772083,0.014076731990063651,84317,0.039097502654207195,0.0220187061574435,84317,-0.024541523247554854,-0.01357257878996998,84317,-0.03557717550968962,-0.019274057400112565,0.026148819918251413,0.038146968543285295,0.14811959628544658,0.25515613695933204,0.03970729508877213,0.08731335317907421,0.11444904349063653,0.022794928662072892,0.21294638091962476,0.060652063047783956,0.0024399399399399613,0.0024399399399399613,0.0012511897777842626,0.5468204799544257,0.0014380009694854312,0.00025041618532196854,0.5077618742433953,0.00043706293706313737,-0.0007493372547003404,0.48504593035676136,-0.0015618163073253255,-0.002746829811040644,0.4535711742505163,0.6105167639198917,0.018060548362528555,0.18080418207056667,0.033424904482863005,0.0738095238095238,0.10317460317460317,0.0
rebound_from_low_5,validation,2,0.008750165905409186,0.01999773765563584,87697,87697,0.0010484481263499483,0.0007155438132981917,87697,0.0027816723749882625,0.0017053206002728416,87697,0.0032653233374621044,0.0023995483203163026,87697,0.005880438376738587,0.0051768766177739955,87697,0.033856845045626374,0.021376656690893503,87697,0.050086117863539496,0.0324212893553224,87697,-0.030267117673156586,-0.019343065693430583,87697,-0.04416586703303288,-0.027945776850886395,0.03305298119783852,0.04801586824132276,0.20070241855479662,0.33574694687389534,0.05655837713946885,0.12189698621389557,0.15373387915208045,0.03160883496584832,0.28036306829195984,0.07926154828557419,0.008624287105299722,0.008624287105299722,0.007407225274893398,0.5650159215677323,0.007616166878307906,0.006398540927355263,0.5560450597486789,0.006609053764430106,0.0053925130582957075,0.5467660385541618,0.0045978428453983256,0.003383732344991351,0.5286188753324127,0.8039275079023029,0.022386031771483926,0.22394150877316232,0.04013118585528119,0.11904761904761904,0.15873015873015872,0.015873015873015872
rebound_from_low_5,validation,3,0.01999773765563584,0.03472222222222219,86798,86798,0.0007611835821293104,0.0005186139244169885,86798,0.0016422753575742323,0.0008554476320510318,86798,0.0028717558771503495,0.002270691541259473,86798,0.005431441059524021,0.003599454284712089,86798,0.036831669868508415,0.023397180662598327,86798,0.05535878124692983,0.03517171766417104,86798,-0.0342807275770107,-0.02228046620058871,86798,-0.04960120214809608,-0.032456195234921825,0.036159549156999655,0.05264524098969891,0.2243024032811816,0.3673471738980161,0.0658310099311044,0.14147791423765524,0.1715707735201272,0.0426277103159059,0.30614760708772093,0.09626949929721883,0.007732411718877508,0.007732411718877508,0.006552347256155633,0.5505856312828553,0.006725182921557327,0.005545815965015125,0.5429539795259615,0.005718960346811963,0.0045407720057724955,0.535529834916536,0.003709527839760196,0.0025336919213773765,0.5195056718620308,0.8730645476998522,0.024848364020171206,0.24593588633024988,0.043882982155378614,0.1492063492063492,0.1984126984126984,0.031746031746031744
rebound_from_low_5,validation,4,0.03472222222222219,0.06019964350010634,85369,85369,0.0005443339431677032,0.0003778677462886737,85369,0.0019229744400134227,0.0013758599124453763,85369,0.004597694092517992,0.003154574132492094,85369,0.007347103217447781,0.004773269689737347,85369,0.043562661882925895,0.028528056951423908,85369,0.06528450907396881,0.04313018693939141,85369,-0.03936658878288177,-0.026238839285714355,85369,-0.056747106304356,-0.03812659303313515,0.041681768668728185,0.0611076336209791,0.2833698415115557,0.442315126099638,0.08965783832538743,0.18708196183626374,0.2135201302580562,0.0541882884887957,0.3673581745129965,0.11682226569363587,0.012534818941504211,0.012534818941504211,0.01123284704287008,0.5664854350730004,0.011522790136965,0.010221025344240187,0.5605915024255349,0.010511772350212611,0.009211309755451206,0.5546272644184576,0.008492763776069001,0.007192683260629357,0.5420308874879896,0.9999280758435068,0.02973145917001337,0.2882641501569425,0.05193029025708562,0.20396825396825397,0.2698412698412698,0.05555555555555555
rebound_from_low_5,validation,5,0.06019964350010634,inf,94332,94332,-0.0001271657814179835,-0.00045400845776710774,94332,0.0025504699852704664,0.0003515715782583806,94332,0.0062198750494797716,0.002823307993209845,94332,0.017738030939790057,0.010452391406911787,94332,0.06675574637559457,0.04028490689439179,94332,0.10333108052872039,0.0628701705121647,94332,-0.05784348763591568,-0.03943085342874686,94332,-0.07972535811048323,-0.054998608585483666,0.06146985823533406,0.09185254942842092,0.4179599711656702,0.5843934189882543,0.18038417504134335,0.31764406564050374,0.31371114786074716,0.10748208455243184,0.4782470423610228,0.17576220158588815,0.03740659825539616,0.03740659825539616,0.035436052300678096,0.6093917321373665,0.03636971010121792,0.034399227456810316,0.6063381999003361,0.035333857799341506,0.03336375218590268,0.603104424440981,0.033265254549785905,0.03129909581981528,0.5958310802930543,1.3286700347922835,0.04382484076433123,0.427632212159449,0.07323183655492868,0.3333333333333333,0.42063492063492064,0.1349206349206349
elasticity_score,train,1,-inf,24.02842026066123,246790,246789,5.569768142374897e-05,0.0,246787,0.00025716988302899017,0.00033753375337530755,246785,0.0004418521198634032,0.0007129035543333995,246782,0.0010045532950622518,0.0010449320794149175,246785,0.015383985680553377,0.010633772862611579,246782,0.022962470657987684,0.016330911217045885,246785,-0.01582674712284428,-0.010055304172951196,246782,-0.023453380298204117,-0.015045781657525126,0.016356634788996082,0.024245632409104705,0.038199242255404504,0.11362660161600116,0.0017991369005409567,0.009165984553168383,0.027513827825840307,0.002467735073039285,0.09218662625313029,0.01331134361501244,0.0011778563015312216,0.0011778563015312216,-9.8807348011257e-05,0.4985028784548568,0.00017717878398859632,-0.0010982276304932184,0.47232661219879823,-0.0008224990557144096,-0.0020967652035803505,0.4492177184436436,-0.0028188616876965167,-0.004090754163040483,0.41671575816916456,0.5214560424987356,0.01289940559580208,0.10001977666709708,0.023688003722768497,0.01308411214953271,0.018518518518518517,0.0
elasticity_score,train,2,24.02842026066123,40.87937423882692,246790,246790,0.00012741692900066108,0.0003561147955070121,246790,0.0006564522338398946,0.0012689848301932205,246790,0.0011471239047591505,0.002091881902671733,246790,0.002160264077295617,0.003577914512156277,246790,0.026326043395773623,0.020778936723818697,246790,0.038590382434760095,0.03132207656502339,246790,-0.02602466340372385,-0.01953565419543768,246790,-0.03774038056193977,-0.028995302270148182,0.026656878303936128,0.03850235651680311,0.1286640463552008,0.28619879249564406,0.011248429839134487,0.04499777138457798,0.09453786620203412,0.01022731877304591,0.23423153288220755,0.040366303334819074,0.0052655639068222015,0.0052655639068222015,0.004107430927992466,0.5329974749828761,0.00426080072450663,0.0031037920432742485,0.5252481447406284,0.003257041301613972,0.0021006334339937743,0.5171543097543478,0.0012525277235615473,9.792702625693205e-05,0.5008815268450255,0.7866394075456655,0.02088962437104088,0.19180572025154052,0.036588778370729685,0.09126984126984126,0.12698412698412698,0.0
elasticity_score,train,3,40.87937423882692,58.26808016788997,246789,246789,0.00024580696647989964,0.0003110419906686701,246789,0.000835502020671056,0.0010783996549119657,246789,0.0013947130854781971,0.002005012531328232,246789,0.0028493432235710604,0.0028787333573228047,246789,0.033251511106048764,0.025767661584711332,246789,0.04887058007312853,0.03863037752414389,246789,-0.032244338534304404,-0.024390243902439157,246789,-0.04669256541006718,-0.03635085252241155,0.03317716887284623,0.048307175232933076,0.21233118169772558,0.38806834988593497,0.03141144864641455,0.10299081401521137,0.15914404612847413,0.022241672035625576,0.3246579061465462,0.07303810137404827,0.0077588779468815705,0.0077588779468815705,0.006329439944039709,0.5378643294474227,0.0067516226965600445,0.0053236119289175,0.5317416902698257,0.005745373695239531,0.00431878788991662,0.5255947388254744,0.003735888414159394,0.002310518942810787,0.5137668210495605,0.9861812119651291,0.02621753554502372,0.24649748524565648,0.04673012830013418,0.16507936507936505,0.2222222222222222,0.03125
elasticity_score,train,4,58.26808016788997,76.21433772581146,246790,246790,0.00036089474542697254,0.0003166394225422309,246790,0.001239021543612466,0.0009817557130262777,246790,0.00202590428994941,0.0017907785202649906,246790,0.004076316814548937,0.0029761904761904656,246790,0.04416078636071991,0.033829404350082415,246790,0.0648146555971252,0.050648106125024794,246790,-0.04213899928996848,-0.03206412825651306,246790,-0.0606599004639568,-0.047317246805088475,0.043572668687737244,0.06294490678320662,0.3336277807042425,0.5051784918351635,0.08374326350338344,0.20540540540540542,0.2555695125410268,0.052960006483244865,0.4255358807082945,0.13598200899550225,0.01814710486857707,0.01814710486857707,0.01650082972995691,0.562263462863163,0.017129466582851527,0.015484839839057745,0.5581506544025284,0.016112844918789837,0.014469864114621164,0.5540945743344544,0.014082645368103663,0.012442947051548244,0.5463714088901496,1.205598969308876,0.03484476395788544,0.33117427171080044,0.061969993476842955,0.2682539682539682,0.3492063492063492,0.08333333333333333
elasticity_score,train,5,76.21433772581146,inf,246790,246789,2.499315270926151e-06,-0.0005668934240363743,246789,0.0005952406777237819,-0.0022589298319921625,246789,0.0009748127940619958,-0.003154574132492094,246788,0.002177889846476414,-0.006300999963009979,246789,0.0753496760203695,0.05245524028897486,246788,0.11066127400826348,0.0769814729268089,246789,-0.0700298667731663,-0.05394584343061837,246788,-0.09993960358556714,-0.0795727346801417,0.07290748805075638,0.10489191756687072,0.5181916535988232,0.6481555018882603,0.24595909866323054,0.39644553219767575,0.39864418592400797,0.16294486383104595,0.5263383957080571,0.2768732677439746,0.051009564293305054,0.051009564293305054,0.046978605050442865,0.5758858889454916,0.04995907997117288,0.04593144786668432,0.5745678026196744,0.04890964508392792,0.04488606349021924,0.5728479790034804,0.04681391733005835,0.04279841837327687,0.5699544369004051,1.7842451773011527,0.05719835138369371,0.5582508433145645,0.09880605729856395,0.4476190476190476,0.5317460317460317,0.24603174603174602
elasticity_score,validation,1,-inf,24.02842026066123,91700,91700,0.00015055804484311362,0.0,91700,0.0006786246023109578,0.0005033979360684615,91700,0.001264663809698067,0.0009952889699448297,91700,0.0028208667742306358,0.0021564057812299975,91700,0.015150670912433101,0.009961112119287407,91700,0.022590256731851256,0.015470937216003233,91700,-0.015329843714572062,-0.009350200672885778,91700,-0.02230493682300447,-0.013617041448511502,0.015581165368667228,0.022184706101974934,0.036870229007633586,0.10408942202835332,0.00376226826608506,0.010512540894220284,0.026663031624863685,0.008157033805888768,0.08406761177753544,0.022682660850599782,0.00220585347509461,0.00220585347509461,0.0010553721343473093,0.5438943605776063,0.0012041484741202035,5.481512949299224e-05,0.5022682305615374,0.00020344417744233567,-0.0009447428637744881,0.4752243635290388,-0.001794968295265098,-0.0029412342449666655,0.43407920770433206,0.42745783923291514,0.012205337408793582,0.10594622353446188,0.024123934829333282,0.02222222222222222,0.031746031746031744,0.0
elasticity_score,validation,2,24.02842026066123,40.87937423882692,85325,85325,0.0002820000115052627,0.00043390222736472417,85325,0.0007710161215583216,0.0010211896859841918,85325,0.00127749232758497,0.0019262520638412273,85325,0.0023123621025146605,0.0033355570380253496,85325,0.026405432238075573,0.020341391675066545,85325,0.038626721957450996,0.030410108148624104,85325,-0.026496751759341807,-0.01925599542565004,85325,-0.038616744759068226,-0.02827429314267138,0.026431093747407305,0.03850496731754338,0.1301494286551421,0.2796484031643715,0.01647817169645473,0.05422795194843246,0.09329036038675652,0.018259595663639026,0.22763551128039847,0.05313800175798418,0.004666514910084185,0.004666514910084185,0.003529055291395345,0.5314617278161997,0.003662350477390497,0.0025260249649448857,0.5227874809518228,0.002659189205968193,0.0015234623333093811,0.5136209119681163,0.0006558701399841382,-0.0004787087051726437,0.4955339350603681,0.6669159132134883,0.020519810301356703,0.20586886117410774,0.036739850991286016,0.09603174603174602,0.1349206349206349,0.007936507936507936
elasticity_score,validation,3,40.87937423882692,58.26808016788997,85472,85472,0.00035098580567262275,0.00042296711903622164,85472,0.0012109651033784875,0.0011065301062392896,85472,0.0020847670083351897,0.0023410550266195207,85472,0.004137484360419037,0.005555867350120258,85472,0.03433788383657304,0.025929205412127287,85472,0.05071984259509109,0.03983513712865938,85472,-0.033290447914004866,-0.024379488184706533,85472,-0.04819617862722523,-0.03522506824201238,0.034177837749260635,0.04999481298945052,0.22575814301759642,0.40162860351928115,0.040984181954324225,0.12046050168476226,0.1675753463122426,0.029097248221639834,0.3317226694122052,0.08486989891426432,0.010031054481391743,0.010031054481391743,0.008647771143826586,0.5526254211905653,0.009021528190056083,0.007639627225907658,0.5466585548483714,0.008013010416493938,0.006632489604176515,0.5408905840509173,0.005998994383661582,0.004620879901730348,0.5283835642081617,0.9369881593638647,0.026201383557722974,0.26597342566311444,0.04737844636164518,0.173015873015873,0.23015873015873015,0.03968253968253968
elasticity_score,validation,4,58.26808016788997,76.21433772581146,87982,87982,0.0003545879450602763,0.0002010705699967419,87982,0.001927283610825239,0.0011903876265578761,87982,0.003661664567166503,0.0032777118524053295,87982,0.007880367112123275,0.008043043137662576,87982,0.04607153978905062,0.034670800217124764,87982,0.06889617230995165,0.053456120564514986,87982,-0.04262864625280681,-0.03176274509260468,87982,-0.06100635023832445,-0.04522931707283273,0.04482722310124411,0.06607292296436636,0.34553658702916507,0.5281421199790867,0.09436021004296333,0.2280580118660635,0.2629515128094383,0.05310177081675797,0.4464094928508104,0.13345911663749405,0.02509680151164717,0.02509680151164717,0.02358685445978214,0.5856425177877294,0.02407221700239026,0.022563783220950633,0.5819031165465663,0.023048656054081573,0.0215399861890868,0.5783228387624741,0.021004598711201528,0.019497624407138398,0.5697529040030915,1.1936370429584557,0.0346505363847145,0.35418235282372823,0.06301319123870786,0.27460317460317457,0.3492063492063492,0.09523809523809523
elasticity_score,validation,5,76.21433772581146,inf,86918,86918,0.0010138332331695523,0.0,86918,0.0059546326865921725,0.001384529025309722,86918,0.010947867014804385,0.003962488511871198,86918,0.023983852219842186,0.010633532477185348,86918,0.08808912603585883,0.05808892333575921,86918,0.13640400812896994,0.09012183093701709,86918,-0.07078702684584255,-0.05192761802769025,86918,-0.09864135647787055,-0.07343696784555354,0.0797352335906595,0.11828425433409036,0.5569732391449412,0.6996019236521779,0.2849812466922847,0.4582134885754389,0.4319243424837203,0.15485860236084587,0.578349708921052,0.24223981223682092,0.05308553228993207,0.05308553228993207,0.0504429626206868,0.6288758240620362,0.052032973037268504,0.04939305726479584,0.6275067017959662,0.050981465292349815,0.04834420498804749,0.6261375795298963,0.048881598029293594,0.046249514590313796,0.623192240873477,1.8764863499698023,0.05814040603665109,0.5908093988737159,0.10427089650293114,0.469047619047619,0.5555555555555556,0.2698412698412698
